id_unique,Start,End,StartH,EndH,Seat
130307,18/06/2013 06:30,18/06/2013 13:30,1,15,
157283,18/06/2013 06:30,18/06/2013 17:00,1,22,
624150,18/06/2013 06:30,18/06/2013 12:00,1,12,
737874,18/06/2013 06:30,18/06/2013 11:30,1,11,
925831,18/06/2013 06:30,18/06/2013 16:30,1,21,
33554,18/06/2013 07:00,18/06/2013 17:00,2,22,
126333,18/06/2013 07:00,18/06/2013 14:30,2,17,
455530,18/06/2013 07:00,18/06/2013 17:00,2,22,
731314,18/06/2013 07:00,18/06/2013 16:30,2,21,
53300,18/06/2013 07:30,18/06/2013 17:30,3,23,
657288,18/06/2013 07:30,18/06/2013 17:30,3,23,
765261,18/06/2013 07:30,18/06/2013 17:30,3,23,
939721,18/06/2013 07:30,18/06/2013 13:30,3,15,
236538,18/06/2013 08:00,18/06/2013 18:00,4,24,
447058,18/06/2013 08:00,18/06/2013 18:00,4,24,
481312,18/06/2013 08:00,18/06/2013 13:30,4,15,
496150,18/06/2013 08:00,18/06/2013 18:00,4,24,
70164,18/06/2013 08:30,18/06/2013 15:00,5,18,
572207,18/06/2013 08:30,18/06/2013 14:00,5,16,
351336,18/06/2013 09:00,18/06/2013 17:00,6,22,
571670,18/06/2013 09:00,18/06/2013 19:00,6,26,
574789,18/06/2013 09:00,18/06/2013 16:00,6,20,
732892,18/06/2013 09:00,18/06/2013 14:00,6,16,
769213,18/06/2013 09:00,18/06/2013 14:00,6,16,
789283,18/06/2013 09:00,18/06/2013 13:30,6,15,
877787,18/06/2013 09:00,18/06/2013 14:00,6,16,
981411,18/06/2013 09:00,18/06/2013 19:00,6,26,
70830,18/06/2013 10:30,18/06/2013 19:30,9,27,
94083,18/06/2013 11:00,18/06/2013 20:30,10,29,
145233,18/06/2013 11:00,18/06/2013 20:00,10,28,
898912,18/06/2013 11:00,18/06/2013 20:00,10,28,
493296,18/06/2013 11:30,18/06/2013 20:30,11,29,
808284,18/06/2013 11:30,18/06/2013 19:30,11,27,
869646,18/06/2013 11:30,18/06/2013 21:30,11,31,
59950,18/06/2013 12:00,18/06/2013 18:30,12,25,
86173,18/06/2013 12:00,18/06/2013 22:00,12,32,
305690,18/06/2013 12:00,18/06/2013 21:30,12,31,
773545,18/06/2013 12:00,18/06/2013 22:00,12,32,
821417,18/06/2013 12:30,18/06/2013 22:00,13,32,
38791,18/06/2013 13:00,18/06/2013 22:30,14,33,
130746,18/06/2013 13:00,18/06/2013 22:30,14,33,
190413,18/06/2013 13:00,18/06/2013 22:00,14,32,
455584,18/06/2013 13:00,18/06/2013 22:30,14,33,
515269,18/06/2013 13:00,18/06/2013 22:00,14,32,
679841,18/06/2013 13:30,18/06/2013 22:30,15,33,
199617,18/06/2013 14:00,18/06/2013 23:30,16,35,
468416,18/06/2013 15:30,19/06/2013 00:00,19,36,
470453,18/06/2013 15:30,19/06/2013 00:00,19,36,
166419,18/06/2013 16:00,19/06/2013 01:30,20,39,
339824,18/06/2013 16:00,19/06/2013 02:00,20,40,
527408,18/06/2013 16:00,18/06/2013 23:30,20,35,
545569,18/06/2013 16:00,19/06/2013 01:30,20,39,
754948,18/06/2013 16:00,19/06/2013 00:00,20,36,
794773,18/06/2013 16:00,18/06/2013 23:30,20,35,
574141,18/06/2013 16:30,19/06/2013 00:30,21,37,
602783,18/06/2013 16:30,19/06/2013 01:00,21,38,
698808,18/06/2013 16:30,19/06/2013 00:30,21,37,
800017,18/06/2013 16:30,19/06/2013 00:30,21,37,
414877,18/06/2013 17:00,19/06/2013 00:30,22,37,
38178,18/06/2013 17:30,19/06/2013 00:00,23,36,
501521,18/06/2013 17:30,19/06/2013 03:30,23,43,
979505,18/06/2013 17:30,19/06/2013 04:00,23,44,
986245,18/06/2013 17:30,19/06/2013 03:30,23,43,
301623,18/06/2013 18:00,19/06/2013 03:30,24,43,
399447,18/06/2013 18:30,19/06/2013 03:30,25,43,
988180,18/06/2013 18:30,18/06/2013 22:00,25,32,
927082,18/06/2013 19:00,18/06/2013 22:00,26,32,
359142,18/06/2013 20:00,19/06/2013 03:30,28,43,
688028,18/06/2013 21:00,19/06/2013 06:30,30,49,
690937,18/06/2013 21:00,19/06/2013 06:30,30,49,
735428,18/06/2013 21:00,19/06/2013 04:30,30,45,
753239,18/06/2013 22:30,19/06/2013 06:30,33,49,
153707,18/06/2013 23:00,19/06/2013 06:30,34,49,
176945,18/06/2013 23:00,19/06/2013 07:00,34,50,
228236,18/06/2013 23:00,19/06/2013 06:30,34,49,
698855,18/06/2013 23:00,19/06/2013 07:00,34,50,
891194,19/06/2013 00:00,19/06/2013 00:30,36,37,
58138,19/06/2013 06:30,19/06/2013 17:00,49,70,
106879,19/06/2013 06:30,19/06/2013 16:30,49,69,
130307,19/06/2013 06:30,19/06/2013 11:30,49,59,
343038,19/06/2013 06:30,19/06/2013 16:30,49,69,
353379,19/06/2013 06:30,19/06/2013 16:30,49,69,
624150,19/06/2013 06:30,19/06/2013 11:30,49,59,
681130,19/06/2013 06:30,19/06/2013 16:30,49,69,
732892,19/06/2013 06:30,19/06/2013 11:30,49,59,
737874,19/06/2013 06:30,19/06/2013 11:30,49,59,
887296,19/06/2013 06:30,19/06/2013 16:30,49,69,
126333,19/06/2013 07:00,19/06/2013 13:30,50,63,
172469,19/06/2013 07:00,19/06/2013 16:30,50,69,
845061,19/06/2013 07:00,19/06/2013 16:30,50,69,
53300,19/06/2013 07:30,19/06/2013 17:30,51,71,
939721,19/06/2013 07:30,19/06/2013 13:30,51,63,
236538,19/06/2013 08:00,19/06/2013 18:00,52,72,
447058,19/06/2013 08:00,19/06/2013 17:30,52,71,
481312,19/06/2013 08:00,19/06/2013 13:30,52,63,
657288,19/06/2013 08:00,19/06/2013 17:30,52,71,
765261,19/06/2013 08:00,19/06/2013 18:00,52,72,
465713,19/06/2013 08:30,19/06/2013 17:00,53,70,
571670,19/06/2013 08:30,19/06/2013 18:30,53,73,
572207,19/06/2013 09:00,19/06/2013 14:00,54,64,
574789,19/06/2013 09:00,19/06/2013 18:30,54,73,
731314,19/06/2013 09:00,19/06/2013 18:30,54,73,
769213,19/06/2013 09:00,19/06/2013 14:00,54,64,
789283,19/06/2013 09:00,19/06/2013 13:30,54,63,
38791,19/06/2013 10:00,19/06/2013 19:30,56,75,
496150,19/06/2013 10:00,19/06/2013 16:00,56,68,
86173,19/06/2013 11:00,19/06/2013 20:30,58,77,
94083,19/06/2013 11:00,19/06/2013 20:30,58,77,
138001,19/06/2013 11:00,19/06/2013 21:00,58,78,
537701,19/06/2013 11:00,19/06/2013 20:30,58,77,
609904,19/06/2013 11:00,19/06/2013 12:00,58,60,
743773,19/06/2013 11:00,19/06/2013 21:00,58,78,
59950,19/06/2013 11:30,19/06/2013 17:30,59,71,
214894,19/06/2013 11:30,19/06/2013 23:00,59,82,
808284,19/06/2013 11:30,19/06/2013 22:00,59,80,
869646,19/06/2013 11:30,19/06/2013 21:30,59,79,
915075,19/06/2013 11:30,19/06/2013 22:00,59,80,
92872,19/06/2013 12:00,19/06/2013 22:00,60,80,
130746,19/06/2013 12:00,19/06/2013 22:00,60,80,
192578,19/06/2013 12:00,19/06/2013 22:00,60,80,
455584,19/06/2013 12:00,19/06/2013 22:00,60,80,
773545,19/06/2013 12:00,19/06/2013 21:30,60,79,
655988,19/06/2013 13:00,19/06/2013 22:30,62,81,
990611,19/06/2013 13:00,19/06/2013 23:00,62,82,
527408,19/06/2013 14:00,19/06/2013 22:30,64,81,
339824,19/06/2013 15:30,20/06/2013 02:00,67,88,
468416,19/06/2013 15:30,19/06/2013 23:30,67,83,
470453,19/06/2013 15:30,19/06/2013 23:30,67,83,
782352,19/06/2013 15:30,20/06/2013 01:30,67,87,
231145,19/06/2013 16:00,19/06/2013 21:00,68,78,
283302,19/06/2013 16:00,20/06/2013 00:00,68,84,
338397,19/06/2013 16:00,20/06/2013 02:00,68,88,
545569,19/06/2013 16:00,20/06/2013 02:00,68,88,
754948,19/06/2013 16:00,20/06/2013 00:00,68,84,
794773,19/06/2013 16:00,19/06/2013 23:30,68,83,
988180,19/06/2013 16:00,19/06/2013 23:30,68,83,
414877,19/06/2013 17:00,20/06/2013 00:30,70,85,
501521,19/06/2013 17:00,20/06/2013 02:30,70,89,
574141,19/06/2013 17:00,20/06/2013 00:30,70,85,
698808,19/06/2013 17:00,20/06/2013 00:30,70,85,
800017,19/06/2013 17:00,20/06/2013 01:00,70,86,
891194,19/06/2013 17:00,20/06/2013 01:00,70,86,
38178,19/06/2013 17:30,20/06/2013 04:00,71,92,
979505,19/06/2013 17:30,20/06/2013 03:30,71,91,
986245,19/06/2013 17:30,20/06/2013 04:00,71,92,
266851,19/06/2013 18:00,20/06/2013 04:00,72,92,
927082,19/06/2013 18:00,19/06/2013 21:30,72,79,
359142,19/06/2013 19:00,20/06/2013 04:30,74,93,
227085,19/06/2013 20:00,20/06/2013 05:30,76,95,
688028,19/06/2013 21:00,20/06/2013 06:30,78,97,
59950,19/06/2013 22:00,19/06/2013 23:00,80,82,
153707,19/06/2013 23:00,20/06/2013 07:00,82,98,
176945,19/06/2013 23:00,20/06/2013 07:00,82,98,
620947,19/06/2013 23:00,20/06/2013 06:30,82,97,
698855,19/06/2013 23:00,20/06/2013 07:00,82,98,
753239,19/06/2013 23:00,20/06/2013 05:00,82,94,
228236,20/06/2013 01:30,20/06/2013 06:00,87,96,
737874,20/06/2013 06:00,20/06/2013 10:30,96,105,
58138,20/06/2013 06:30,20/06/2013 16:30,97,117,
172469,20/06/2013 06:30,20/06/2013 17:00,97,118,
343038,20/06/2013 06:30,20/06/2013 16:30,97,117,
624150,20/06/2013 06:30,20/06/2013 11:30,97,107,
732892,20/06/2013 06:30,20/06/2013 11:30,97,107,
609904,20/06/2013 07:00,20/06/2013 15:30,98,115,
681130,20/06/2013 07:00,20/06/2013 16:30,98,117,
845061,20/06/2013 07:00,20/06/2013 16:30,98,117,
657288,20/06/2013 07:30,20/06/2013 18:00,99,120,
887296,20/06/2013 07:30,20/06/2013 17:30,99,119,
447058,20/06/2013 08:00,20/06/2013 17:30,100,119,
481312,20/06/2013 08:00,20/06/2013 13:30,100,111,
731314,20/06/2013 08:00,20/06/2013 17:30,100,119,
765261,20/06/2013 08:00,20/06/2013 17:30,100,119,
572207,20/06/2013 08:30,20/06/2013 14:00,101,112,
789283,20/06/2013 08:30,20/06/2013 13:30,101,111,
38791,20/06/2013 09:00,20/06/2013 18:30,102,121,
53300,20/06/2013 09:00,20/06/2013 18:30,102,121,
122331,20/06/2013 09:00,20/06/2013 18:30,102,121,
236538,20/06/2013 09:00,20/06/2013 19:00,102,122,
465713,20/06/2013 09:00,20/06/2013 16:30,102,117,
571670,20/06/2013 09:00,20/06/2013 18:30,102,121,
574789,20/06/2013 09:00,20/06/2013 18:30,102,121,
769213,20/06/2013 09:00,20/06/2013 14:00,102,112,
496150,20/06/2013 10:00,20/06/2013 18:00,104,120,
92872,20/06/2013 10:30,20/06/2013 21:00,105,126,
93772,20/06/2013 11:00,20/06/2013 19:30,106,123,
321647,20/06/2013 11:00,20/06/2013 19:30,106,123,
353379,20/06/2013 11:00,20/06/2013 21:00,106,126,
602900,20/06/2013 11:00,20/06/2013 20:00,106,124,
607083,20/06/2013 11:00,20/06/2013 20:00,106,124,
899189,20/06/2013 11:00,20/06/2013 15:30,106,115,
915075,20/06/2013 11:00,20/06/2013 22:30,106,129,
967583,20/06/2013 11:00,20/06/2013 19:30,106,123,
399447,20/06/2013 11:30,20/06/2013 19:30,107,123,
59950,20/06/2013 12:00,20/06/2013 17:30,108,119,
138001,20/06/2013 12:00,20/06/2013 22:00,108,128,
537701,20/06/2013 12:00,20/06/2013 21:30,108,127,
192578,20/06/2013 13:00,20/06/2013 22:30,110,129,
743773,20/06/2013 13:00,20/06/2013 22:30,110,129,
990611,20/06/2013 13:00,20/06/2013 22:30,110,129,
679841,20/06/2013 13:30,20/06/2013 22:30,111,129,
858604,20/06/2013 14:00,20/06/2013 20:00,112,124,
214894,20/06/2013 15:30,21/06/2013 01:30,115,135,
339824,20/06/2013 15:30,21/06/2013 02:00,115,136,
767564,20/06/2013 15:30,20/06/2013 23:30,115,131,
782352,20/06/2013 15:30,21/06/2013 01:30,115,135,
283302,20/06/2013 16:00,20/06/2013 23:30,116,131,
338397,20/06/2013 16:00,21/06/2013 01:30,116,135,
715012,20/06/2013 16:00,21/06/2013 01:30,116,135,
750961,20/06/2013 16:00,20/06/2013 22:30,116,129,
8821,20/06/2013 17:00,21/06/2013 00:30,118,133,
70164,20/06/2013 17:00,21/06/2013 00:30,118,133,
266851,20/06/2013 17:00,21/06/2013 01:00,118,134,
703190,20/06/2013 17:00,21/06/2013 00:30,118,133,
880808,20/06/2013 17:00,21/06/2013 00:30,118,133,
944615,20/06/2013 17:00,21/06/2013 01:00,118,134,
512923,20/06/2013 17:30,21/06/2013 04:00,119,140,
359142,20/06/2013 18:00,21/06/2013 04:00,120,140,
501521,20/06/2013 18:00,21/06/2013 04:00,120,140,
744925,20/06/2013 18:00,20/06/2013 21:00,120,126,
832227,20/06/2013 18:00,21/06/2013 03:30,120,139,
927082,20/06/2013 18:00,20/06/2013 21:30,120,127,
38178,20/06/2013 18:30,20/06/2013 22:00,121,128,
979505,20/06/2013 18:30,21/06/2013 04:30,121,141,
986245,20/06/2013 18:30,21/06/2013 05:00,121,142,
853992,20/06/2013 19:00,21/06/2013 00:00,122,132,
8041,20/06/2013 20:00,21/06/2013 05:30,124,143,
227085,20/06/2013 20:00,21/06/2013 04:00,124,140,
483269,20/06/2013 20:00,21/06/2013 01:30,124,135,
688028,20/06/2013 21:00,21/06/2013 06:30,126,145,
153707,20/06/2013 22:30,21/06/2013 06:30,129,145,
753239,20/06/2013 22:30,21/06/2013 06:30,129,145,
176945,20/06/2013 23:00,21/06/2013 07:00,130,146,
228236,20/06/2013 23:00,21/06/2013 02:30,130,137,
698855,20/06/2013 23:00,21/06/2013 06:30,130,145,
882116,20/06/2013 23:00,21/06/2013 06:30,130,145,
38178,21/06/2013 03:00,21/06/2013 05:00,138,142,
732892,21/06/2013 06:00,21/06/2013 11:00,144,154,
737874,21/06/2013 06:00,21/06/2013 11:00,144,154,
58138,21/06/2013 06:30,21/06/2013 16:30,145,165,
172469,21/06/2013 06:30,21/06/2013 17:00,145,166,
343038,21/06/2013 06:30,21/06/2013 16:30,145,165,
86173,21/06/2013 07:00,21/06/2013 16:30,146,165,
353379,21/06/2013 07:00,21/06/2013 16:30,146,165,
447058,21/06/2013 07:00,21/06/2013 17:00,146,166,
572207,21/06/2013 07:00,21/06/2013 13:00,146,158,
609904,21/06/2013 07:00,21/06/2013 10:00,146,152,
657288,21/06/2013 07:00,21/06/2013 17:00,146,166,
765261,21/06/2013 07:00,21/06/2013 11:30,146,155,
887296,21/06/2013 07:30,21/06/2013 18:00,147,168,
38791,21/06/2013 08:00,21/06/2013 17:30,148,167,
122331,21/06/2013 08:00,21/06/2013 17:30,148,167,
236538,21/06/2013 08:00,21/06/2013 18:00,148,168,
571670,21/06/2013 08:00,21/06/2013 17:30,148,167,
731314,21/06/2013 08:00,21/06/2013 18:00,148,168,
153669,21/06/2013 08:30,21/06/2013 13:30,149,159,
364323,21/06/2013 08:30,21/06/2013 13:30,149,159,
465713,21/06/2013 08:30,21/06/2013 16:30,149,165,
574789,21/06/2013 08:30,21/06/2013 18:30,149,169,
468416,21/06/2013 09:00,21/06/2013 14:00,150,160,
769213,21/06/2013 09:00,21/06/2013 14:00,150,160,
789283,21/06/2013 09:00,21/06/2013 13:30,150,159,
877787,21/06/2013 09:00,21/06/2013 13:30,150,159,
496150,21/06/2013 10:00,21/06/2013 18:00,152,168,
70830,21/06/2013 10:30,21/06/2013 20:30,153,173,
408514,21/06/2013 10:30,21/06/2013 20:30,153,173,
967583,21/06/2013 10:30,21/06/2013 20:00,153,172,
93772,21/06/2013 11:00,21/06/2013 19:30,154,171,
138001,21/06/2013 11:00,21/06/2013 21:00,154,174,
321647,21/06/2013 11:00,21/06/2013 19:30,154,171,
602900,21/06/2013 11:00,21/06/2013 19:30,154,171,
607083,21/06/2013 11:00,21/06/2013 20:30,154,173,
679841,21/06/2013 11:00,21/06/2013 21:00,154,174,
537701,21/06/2013 11:30,21/06/2013 22:00,155,176,
92872,21/06/2013 12:00,21/06/2013 22:00,156,176,
192578,21/06/2013 12:00,21/06/2013 22:00,156,176,
743773,21/06/2013 12:00,21/06/2013 21:30,156,175,
915075,21/06/2013 12:00,21/06/2013 21:30,156,175,
990611,21/06/2013 12:00,21/06/2013 21:30,156,175,
338397,21/06/2013 13:00,21/06/2013 22:30,158,177,
284838,21/06/2013 13:30,21/06/2013 17:30,159,167,
609904,21/06/2013 14:00,21/06/2013 15:30,160,163,
981411,21/06/2013 14:00,21/06/2013 22:30,160,177,
236263,21/06/2013 15:30,22/06/2013 02:00,163,184,
285442,21/06/2013 15:30,22/06/2013 00:00,163,180,
383888,21/06/2013 15:30,21/06/2013 23:00,163,178,
750961,21/06/2013 15:30,22/06/2013 02:00,163,184,
782352,21/06/2013 15:30,22/06/2013 01:30,163,183,
545569,21/06/2013 16:00,22/06/2013 01:30,164,183,
157283,21/06/2013 16:30,21/06/2013 23:30,165,179,
33554,21/06/2013 17:00,22/06/2013 02:00,166,184,
351336,21/06/2013 17:00,22/06/2013 02:00,166,184,
414187,21/06/2013 17:00,22/06/2013 02:00,166,184,
455530,21/06/2013 17:00,22/06/2013 02:00,166,184,
735428,21/06/2013 17:00,22/06/2013 01:30,166,183,
877773,21/06/2013 17:00,22/06/2013 01:30,166,183,
40927,21/06/2013 17:30,22/06/2013 03:30,167,187,
214894,21/06/2013 17:30,22/06/2013 03:30,167,187,
512923,21/06/2013 17:30,22/06/2013 04:00,167,188,
235272,21/06/2013 18:00,22/06/2013 04:00,168,188,
305690,21/06/2013 18:00,22/06/2013 03:30,168,187,
832227,21/06/2013 18:00,22/06/2013 03:30,168,187,
944615,21/06/2013 18:00,22/06/2013 04:00,168,188,
515269,21/06/2013 19:00,21/06/2013 23:30,170,179,
247347,21/06/2013 20:00,22/06/2013 05:30,172,191,
483269,21/06/2013 20:00,22/06/2013 02:00,172,184,
672784,21/06/2013 20:00,22/06/2013 05:30,172,191,
145233,21/06/2013 20:30,22/06/2013 07:00,173,194,
190413,21/06/2013 20:30,22/06/2013 06:30,173,193,
266851,21/06/2013 20:30,22/06/2013 05:00,173,190,
432259,21/06/2013 20:30,21/06/2013 23:30,173,179,
835571,21/06/2013 20:30,22/06/2013 07:00,173,194,
493296,21/06/2013 21:00,22/06/2013 06:30,174,193,
853992,21/06/2013 21:00,22/06/2013 07:00,174,194,
898912,21/06/2013 21:00,22/06/2013 06:30,174,193,
703190,21/06/2013 22:00,21/06/2013 23:30,176,179,
8821,21/06/2013 22:30,22/06/2013 06:30,177,193,
70164,21/06/2013 22:30,22/06/2013 06:30,177,193,
713492,21/06/2013 22:30,22/06/2013 07:00,177,194,
880808,21/06/2013 22:30,22/06/2013 06:30,177,193,
620947,21/06/2013 23:00,22/06/2013 06:30,178,193,
2708,22/06/2013 00:00,22/06/2013 03:00,180,186,
227085,22/06/2013 00:00,22/06/2013 02:30,180,185,
130307,22/06/2013 06:30,22/06/2013 18:30,193,217,
153669,22/06/2013 06:30,22/06/2013 13:30,193,207,
574141,22/06/2013 06:30,22/06/2013 17:00,193,214,
602783,22/06/2013 06:30,22/06/2013 17:00,193,214,
800017,22/06/2013 06:30,22/06/2013 16:30,193,213,
236538,22/06/2013 07:00,22/06/2013 12:30,194,205,
527408,22/06/2013 07:00,22/06/2013 18:30,194,217,
688028,22/06/2013 07:00,22/06/2013 15:30,194,211,
891194,22/06/2013 07:00,22/06/2013 18:30,194,217,
98413,22/06/2013 07:30,22/06/2013 16:30,195,213,
455584,22/06/2013 08:00,22/06/2013 18:00,196,216,
773545,22/06/2013 08:00,22/06/2013 17:30,196,215,
808284,22/06/2013 08:00,22/06/2013 17:30,196,215,
106879,22/06/2013 08:30,22/06/2013 17:30,197,215,
903974,22/06/2013 08:30,22/06/2013 18:00,197,216,
86173,22/06/2013 09:00,22/06/2013 19:00,198,218,
130746,22/06/2013 09:00,22/06/2013 18:30,198,217,
794773,22/06/2013 09:00,22/06/2013 17:00,198,214,
877787,22/06/2013 09:00,22/06/2013 14:00,198,208,
126333,22/06/2013 09:30,22/06/2013 16:30,199,213,
399447,22/06/2013 09:30,22/06/2013 17:30,199,215,
338397,22/06/2013 10:00,22/06/2013 17:30,200,215,
967583,22/06/2013 10:00,22/06/2013 20:30,200,221,
602900,22/06/2013 10:30,22/06/2013 21:00,201,222,
607083,22/06/2013 10:30,22/06/2013 21:00,201,222,
321647,22/06/2013 11:00,22/06/2013 20:30,202,221,
501521,22/06/2013 11:00,22/06/2013 21:00,202,222,
887296,22/06/2013 11:00,22/06/2013 20:30,202,221,
899601,22/06/2013 11:00,22/06/2013 19:30,202,219,
364323,22/06/2013 12:00,22/06/2013 18:00,204,216,
981411,22/06/2013 13:00,23/06/2013 01:00,206,230,
285442,22/06/2013 14:30,23/06/2013 00:30,209,229,
157283,22/06/2013 16:30,23/06/2013 01:30,213,231,
33554,22/06/2013 17:00,23/06/2013 01:30,214,231,
351336,22/06/2013 17:00,23/06/2013 01:30,214,231,
414187,22/06/2013 17:00,22/06/2013 23:30,214,227,
455530,22/06/2013 17:00,23/06/2013 02:00,214,232,
735428,22/06/2013 17:00,22/06/2013 23:30,214,227,
877773,22/06/2013 17:00,23/06/2013 02:00,214,232,
214894,22/06/2013 17:30,23/06/2013 03:30,215,235,
512923,22/06/2013 17:30,23/06/2013 04:00,215,236,
698855,22/06/2013 17:30,23/06/2013 04:00,215,236,
70164,22/06/2013 18:00,23/06/2013 04:00,216,236,
199617,22/06/2013 18:00,23/06/2013 02:00,216,232,
492607,22/06/2013 18:00,23/06/2013 01:30,216,231,
713492,22/06/2013 18:00,23/06/2013 01:30,216,231,
750961,22/06/2013 18:00,23/06/2013 01:30,216,231,
832227,22/06/2013 18:00,23/06/2013 04:00,216,236,
2708,22/06/2013 18:30,23/06/2013 00:30,217,229,
166419,22/06/2013 18:30,23/06/2013 02:00,217,232,
8821,22/06/2013 19:00,23/06/2013 04:30,218,237,
40927,22/06/2013 19:00,23/06/2013 04:30,218,237,
236263,22/06/2013 19:00,23/06/2013 02:00,218,232,
672784,22/06/2013 19:00,23/06/2013 05:00,218,238,
799070,22/06/2013 19:00,23/06/2013 05:00,218,238,
247347,22/06/2013 19:30,23/06/2013 05:30,219,239,
782352,22/06/2013 19:30,23/06/2013 04:00,219,236,
70830,22/06/2013 20:30,23/06/2013 06:30,221,241,
145233,22/06/2013 20:30,23/06/2013 06:30,221,241,
493296,22/06/2013 20:30,23/06/2013 06:30,221,241,
515269,22/06/2013 20:30,23/06/2013 06:30,221,241,
835571,22/06/2013 20:30,23/06/2013 07:00,221,242,
853992,22/06/2013 20:30,23/06/2013 07:00,221,242,
898912,22/06/2013 20:30,23/06/2013 06:30,221,241,
190413,22/06/2013 21:00,23/06/2013 07:00,222,242,
266851,22/06/2013 21:00,23/06/2013 06:30,222,241,
432259,22/06/2013 21:00,22/06/2013 23:00,222,226,
880808,22/06/2013 21:00,23/06/2013 07:00,222,242,
944615,22/06/2013 21:00,23/06/2013 06:30,222,241,
703190,23/06/2013 02:00,23/06/2013 04:00,232,236,
98413,23/06/2013 06:30,23/06/2013 16:30,241,261,
574141,23/06/2013 06:30,23/06/2013 15:30,241,259,
602783,23/06/2013 06:30,23/06/2013 16:00,241,260,
891194,23/06/2013 06:30,23/06/2013 16:00,241,260,
899601,23/06/2013 06:30,23/06/2013 14:00,241,256,
414877,23/06/2013 07:00,23/06/2013 15:30,242,259,
527408,23/06/2013 07:00,23/06/2013 15:30,242,259,
731314,23/06/2013 07:00,23/06/2013 16:30,242,261,
800017,23/06/2013 07:00,23/06/2013 15:30,242,259,
126333,23/06/2013 07:30,23/06/2013 08:00,243,244,
130746,23/06/2013 08:00,23/06/2013 17:30,244,263,
688028,23/06/2013 08:00,23/06/2013 15:30,244,259,
794773,23/06/2013 08:00,23/06/2013 16:00,244,260,
86173,23/06/2013 09:00,23/06/2013 19:00,246,266,
94083,23/06/2013 09:00,23/06/2013 18:30,246,265,
455584,23/06/2013 09:00,23/06/2013 18:30,246,265,
773545,23/06/2013 09:00,23/06/2013 18:30,246,265,
130307,23/06/2013 09:30,23/06/2013 16:00,247,260,
153669,23/06/2013 09:30,23/06/2013 17:30,247,263,
877787,23/06/2013 09:30,23/06/2013 17:30,247,263,
607083,23/06/2013 10:30,23/06/2013 22:00,249,272,
967583,23/06/2013 10:30,23/06/2013 22:00,249,272,
321647,23/06/2013 11:00,23/06/2013 20:30,250,269,
501521,23/06/2013 11:00,23/06/2013 21:00,250,270,
808284,23/06/2013 11:00,23/06/2013 18:30,250,265,
887296,23/06/2013 11:00,23/06/2013 12:30,250,253,
602900,23/06/2013 12:00,23/06/2013 22:00,252,272,
284838,23/06/2013 13:30,23/06/2013 17:30,255,263,
285442,23/06/2013 14:00,23/06/2013 23:30,256,275,
236263,23/06/2013 15:30,24/06/2013 02:00,259,280,
33554,23/06/2013 16:00,24/06/2013 01:30,260,279,
38791,23/06/2013 16:00,23/06/2013 23:30,260,275,
122331,23/06/2013 16:00,23/06/2013 23:30,260,275,
157283,23/06/2013 16:00,24/06/2013 01:30,260,279,
236538,23/06/2013 16:00,23/06/2013 23:30,260,275,
351336,23/06/2013 16:00,23/06/2013 23:30,260,275,
455530,23/06/2013 16:00,24/06/2013 02:00,260,280,
715012,23/06/2013 16:00,24/06/2013 01:30,260,279,
735428,23/06/2013 16:00,24/06/2013 01:30,260,279,
877773,23/06/2013 16:00,24/06/2013 00:30,260,277,
925831,23/06/2013 16:00,24/06/2013 01:30,260,279,
981411,23/06/2013 16:00,24/06/2013 01:30,260,279,
364323,23/06/2013 17:30,23/06/2013 22:30,263,273,
383888,23/06/2013 17:30,23/06/2013 23:00,263,274,
470453,23/06/2013 17:30,24/06/2013 01:30,263,279,
713492,23/06/2013 17:30,23/06/2013 22:30,263,273,
283302,23/06/2013 18:00,24/06/2013 01:30,264,279,
414187,23/06/2013 18:00,24/06/2013 02:00,264,280,
492607,23/06/2013 18:00,24/06/2013 01:30,264,279,
799070,23/06/2013 18:00,24/06/2013 03:30,264,283,
199617,23/06/2013 19:00,24/06/2013 03:00,266,282,
672784,23/06/2013 19:00,24/06/2013 04:30,266,285,
866732,23/06/2013 19:00,24/06/2013 04:30,266,285,
535978,23/06/2013 19:30,24/06/2013 06:00,267,288,
399447,23/06/2013 20:00,24/06/2013 06:00,268,288,
432259,23/06/2013 21:00,23/06/2013 22:30,270,273,
70830,23/06/2013 21:30,24/06/2013 07:00,271,290,
493296,23/06/2013 21:30,24/06/2013 06:30,271,289,
835571,23/06/2013 21:30,24/06/2013 07:00,271,290,
898912,23/06/2013 21:30,24/06/2013 06:30,271,289,
145233,23/06/2013 22:00,24/06/2013 06:30,272,289,
190413,23/06/2013 22:00,24/06/2013 07:00,272,290,
515269,23/06/2013 22:00,24/06/2013 04:30,272,285,
737874,24/06/2013 05:30,24/06/2013 11:00,287,298,
8488,24/06/2013 06:30,24/06/2013 17:00,289,310,
96858,24/06/2013 06:30,24/06/2013 12:00,289,300,
130307,24/06/2013 06:30,24/06/2013 11:30,289,299,
455584,24/06/2013 06:30,24/06/2013 16:30,289,309,
574141,24/06/2013 06:30,24/06/2013 17:00,289,310,
602783,24/06/2013 06:30,24/06/2013 17:00,289,310,
305690,24/06/2013 07:00,24/06/2013 16:30,290,309,
527408,24/06/2013 07:00,24/06/2013 17:00,290,310,
800017,24/06/2013 07:00,24/06/2013 17:00,290,310,
891194,24/06/2013 07:00,24/06/2013 17:00,290,310,
170725,24/06/2013 07:30,24/06/2013 15:30,291,307,
496150,24/06/2013 07:30,24/06/2013 14:00,291,304,
537701,24/06/2013 07:30,24/06/2013 15:30,291,307,
574789,24/06/2013 07:30,24/06/2013 15:00,291,306,
939721,24/06/2013 07:30,24/06/2013 13:30,291,303,
990611,24/06/2013 07:30,24/06/2013 12:30,291,301,
92872,24/06/2013 08:00,24/06/2013 16:00,292,308,
94083,24/06/2013 08:00,24/06/2013 18:00,292,312,
138001,24/06/2013 08:00,24/06/2013 16:00,292,308,
192578,24/06/2013 08:00,24/06/2013 15:30,292,307,
743773,24/06/2013 08:00,24/06/2013 15:00,292,306,
773545,24/06/2013 08:00,24/06/2013 17:30,292,311,
732892,24/06/2013 08:30,24/06/2013 13:30,293,303,
789283,24/06/2013 08:30,24/06/2013 14:00,293,304,
86173,24/06/2013 09:00,24/06/2013 18:30,294,313,
130746,24/06/2013 09:00,24/06/2013 18:30,294,313,
769213,24/06/2013 09:00,24/06/2013 14:00,294,304,
794773,24/06/2013 09:00,24/06/2013 17:00,294,310,
765261,24/06/2013 09:30,24/06/2013 17:30,295,311,
899601,24/06/2013 10:00,24/06/2013 17:00,296,310,
59950,24/06/2013 10:30,24/06/2013 21:00,297,318,
501521,24/06/2013 10:30,24/06/2013 21:00,297,318,
753239,24/06/2013 10:30,24/06/2013 20:30,297,317,
228236,24/06/2013 11:00,24/06/2013 21:00,298,318,
427774,24/06/2013 11:00,24/06/2013 18:00,298,312,
808284,24/06/2013 11:00,24/06/2013 19:00,298,314,
882116,24/06/2013 11:00,24/06/2013 21:00,298,318,
986245,24/06/2013 11:30,24/06/2013 22:00,299,320,
176945,24/06/2013 12:00,24/06/2013 22:00,300,320,
359142,24/06/2013 12:00,24/06/2013 22:00,300,320,
927082,24/06/2013 12:00,24/06/2013 17:30,300,311,
988180,24/06/2013 12:00,24/06/2013 21:00,300,318,
38178,24/06/2013 12:30,24/06/2013 21:00,301,318,
126333,24/06/2013 13:00,24/06/2013 16:30,302,309,
301623,24/06/2013 13:00,24/06/2013 22:30,302,321,
925831,24/06/2013 13:00,24/06/2013 21:00,302,318,
767564,24/06/2013 14:00,24/06/2013 21:30,304,319,
58138,24/06/2013 14:30,25/06/2013 00:30,305,325,
157283,24/06/2013 14:30,24/06/2013 22:30,305,321,
172469,24/06/2013 14:30,25/06/2013 01:00,305,326,
465713,24/06/2013 14:30,25/06/2013 00:30,305,325,
655988,24/06/2013 15:00,24/06/2013 15:30,306,307,
681130,24/06/2013 15:00,25/06/2013 00:30,306,325,
981411,24/06/2013 15:00,24/06/2013 22:30,306,321,
339824,24/06/2013 15:30,25/06/2013 02:00,307,328,
236263,24/06/2013 16:00,25/06/2013 02:00,308,328,
492607,24/06/2013 16:00,24/06/2013 21:00,308,318,
545569,24/06/2013 16:00,25/06/2013 02:00,308,328,
679841,24/06/2013 16:00,25/06/2013 01:30,308,327,
715012,24/06/2013 16:00,24/06/2013 23:00,308,322,
962449,24/06/2013 16:00,24/06/2013 21:00,308,318,
33554,24/06/2013 17:00,25/06/2013 00:30,310,325,
351336,24/06/2013 17:00,24/06/2013 22:30,310,321,
414187,24/06/2013 17:00,25/06/2013 00:30,310,325,
455530,24/06/2013 17:00,25/06/2013 01:00,310,326,
735428,24/06/2013 17:00,25/06/2013 00:30,310,325,
877773,24/06/2013 17:00,25/06/2013 01:00,310,326,
899189,24/06/2013 17:00,24/06/2013 23:30,310,323,
106879,24/06/2013 17:30,25/06/2013 03:30,311,331,
343038,24/06/2013 17:30,25/06/2013 03:30,311,331,
353379,24/06/2013 17:30,25/06/2013 03:30,311,331,
364323,24/06/2013 17:30,24/06/2013 23:00,311,322,
8041,24/06/2013 18:00,24/06/2013 23:00,312,322,
399447,24/06/2013 18:00,25/06/2013 04:00,312,332,
38791,24/06/2013 20:00,25/06/2013 03:30,316,331,
731314,24/06/2013 20:00,25/06/2013 06:00,316,336,
609904,24/06/2013 21:00,25/06/2013 00:00,318,324,
690937,24/06/2013 21:00,25/06/2013 07:00,318,338,
214894,24/06/2013 22:30,25/06/2013 06:30,321,337,
447058,24/06/2013 22:30,25/06/2013 07:00,321,338,
858604,24/06/2013 22:30,25/06/2013 05:00,321,334,
571670,24/06/2013 23:00,25/06/2013 07:00,322,338,
657288,24/06/2013 23:00,25/06/2013 07:00,322,338,
887296,24/06/2013 23:30,25/06/2013 00:30,323,325,
