id_unique_orig,idshift,Team_orig,Date,NHours,Start,End,StartId,EndId,idw,shiftid,Team,id_unique,seat
359142,52588,Team 11,19jun2013,78,19jun2013 19:00:00,20jun2013 04:30:00,23753,23772,57,197,15,2708,37
944615,137983,Team 4,21jun2013,58,21jun2013 18:00:00,22jun2013 04:00:00,23847,23867,147,515,15,2708,34
737874,102034,Team 11,24jun2013,55,24jun2013 05:30:00,24jun2013 11:00:00,23966,23977,109,392,15,2708,24
399447,56809,Team 12,18jun2013,95,18jun2013 18:30:00,19jun2013 03:30:00,23704,23722,60,206,7,8041,15
744925,103603,Team 14,20jun2013,7,20jun2013 18:00:00,20jun2013 21:00:00,23799,23805,111,397,7,8041,20
8821,2566,Team 1,22jun2013,53,22jun2013 19:00:00,23jun2013 04:30:00,23897,23916,4,8,7,8041,26
353379,51202,Team 4,24jun2013,83,24jun2013 17:30:00,25jun2013 03:30:00,23990,24010,56,195,7,8041,40
789283,110289,Team 11,18jun2013,53,18jun2013 09:00:00,18jun2013 13:30:00,23685,23694,120,428,3,8488,35
465713,64595,Team 9,20jun2013,72,20jun2013 09:00:00,20jun2013 16:30:00,23781,23796,69,239,3,8488,34
455584,63003,Team 8,22jun2013,103,22jun2013 08:00:00,22jun2013 18:00:00,23875,23895,68,235,3,8488,20
59950,11432,Team 5,24jun2013,64,24jun2013 10:30:00,24jun2013 21:00:00,23976,23997,11,38,3,8488,41
737874,102030,Team 11,18jun2013,55,18jun2013 06:30:00,18jun2013 11:30:00,23680,23690,109,388,1,8821,25
737874,102032,Team 11,20jun2013,55,20jun2013 06:00:00,20jun2013 10:30:00,23775,23784,109,390,1,8821,24
493296,69503,Team 10,21jun2013,79,21jun2013 21:00:00,22jun2013 06:30:00,23853,23872,75,257,1,8821,25
891194,130124,Team 6,24jun2013,84,24jun2013 07:00:00,24jun2013 17:00:00,23969,23989,138,490,1,8821,29
130746,19755,Team 2,19jun2013,101,19jun2013 12:00:00,19jun2013 22:00:00,23739,23759,24,83,12,33554,40
537701,75776,Team 8,21jun2013,79,21jun2013 11:30:00,21jun2013 22:00:00,23834,23855,82,286,12,33554,42
236538,37224,Team 1,23jun2013,112,23jun2013 16:00:00,23jun2013 23:30:00,23939,23954,43,151,12,33554,23
688028,93822,Team 7,18jun2013,94,18jun2013 21:00:00,19jun2013 06:30:00,23709,23728,99,350,7,38178,41
979505,140714,Team 6,20jun2013,64,20jun2013 18:30:00,21jun2013 04:30:00,23800,23820,150,524,7,38178,37
799070,112585,Team 9,22jun2013,41,22jun2013 19:00:00,23jun2013 05:00:00,23897,23917,122,438,7,38178,16
38791,7587,Team 7,24jun2013,112,24jun2013 20:00:00,25jun2013 03:30:00,23995,24010,7,24,7,38178,11
690937,94322,Team 11,18jun2013,41,18jun2013 21:00:00,19jun2013 06:30:00,23709,23728,100,355,7,38791,42
986245,142036,Team 12,20jun2013,87,20jun2013 18:30:00,21jun2013 05:00:00,23800,23821,152,532,7,38791,36
247347,38994,Team 13,22jun2013,41,22jun2013 19:30:00,23jun2013 05:30:00,23898,23918,44,153,7,38791,12
731314,98924,Team 12,24jun2013,122,24jun2013 20:00:00,25jun2013 06:00:00,23995,24015,106,377,7,38791,38
753239,105004,Team 13,18jun2013,68,18jun2013 22:30:00,19jun2013 06:30:00,23712,23728,113,401,7,40927,28
8041,1436,Team 7,20jun2013,31,20jun2013 20:00:00,21jun2013 05:30:00,23803,23822,2,3,7,40927,12
70830,11965,Team 5,22jun2013,81,22jun2013 20:30:00,23jun2013 06:30:00,23900,23920,13,45,7,40927,36
690937,94323,Team 11,24jun2013,41,24jun2013 21:00:00,25jun2013 07:00:00,23997,24017,100,356,7,40927,30
231145,34862,Team 8,19jun2013,11,19jun2013 16:00:00,19jun2013 21:00:00,23747,23757,40,140,13,53300,11
285442,42192,Team 5,21jun2013,59,21jun2013 15:30:00,22jun2013 00:00:00,23842,23859,48,163,13,53300,13
713492,96637,Team 5,23jun2013,45,23jun2013 17:30:00,23jun2013 22:30:00,23942,23952,104,368,13,53300,26
126333,19081,Team 13,19jun2013,55,19jun2013 07:00:00,19jun2013 13:30:00,23729,23742,22,73,9,58138,25
86173,13683,Team 2,21jun2013,123,21jun2013 07:00:00,21jun2013 16:30:00,23825,23844,14,49,9,58138,28
891194,130123,Team 6,23jun2013,84,23jun2013 06:30:00,23jun2013 16:00:00,23920,23939,138,489,9,58138,25
679841,91966,Team 7,18jun2013,79,18jun2013 13:30:00,18jun2013 22:30:00,23694,23712,97,343,5,59950,35
990611,143399,Team 2,20jun2013,72,20jun2013 13:00:00,20jun2013 22:30:00,23789,23808,154,538,5,59950,7
981411,141264,Team 4,22jun2013,100,22jun2013 13:00:00,23jun2013 01:00:00,23885,23909,151,527,5,59950,28
465713,64597,Team 9,24jun2013,72,24jun2013 14:30:00,25jun2013 00:30:00,23984,24004,69,241,5,59950,13
609904,83812,Team 13,19jun2013,39,19jun2013 11:00:00,19jun2013 12:00:00,23737,23739,91,323,11,70164,40
408514,57286,Team 4,21jun2013,21,21jun2013 10:30:00,21jun2013 20:30:00,23832,23852,61,211,11,70164,12
602900,82858,Team 8,23jun2013,80,23jun2013 12:00:00,23jun2013 22:00:00,23931,23951,89,318,11,70164,38
199617,30303,Team 10,18jun2013,54,18jun2013 14:00:00,18jun2013 23:30:00,23695,23714,36,125,5,70830,12
679841,91967,Team 7,20jun2013,79,20jun2013 13:30:00,20jun2013 22:30:00,23790,23808,97,344,5,70830,47
285442,42193,Team 5,22jun2013,59,22jun2013 14:30:00,23jun2013 00:30:00,23888,23908,48,164,5,70830,25
655988,88260,Team 6,24jun2013,22,24jun2013 15:00:00,24jun2013 15:30:00,23985,23986,94,334,5,70830,17
351336,50361,Team 12,18jun2013,82,18jun2013 09:00:00,18jun2013 17:00:00,23685,23701,55,187,2,86173,15
789283,110291,Team 11,20jun2013,53,20jun2013 08:30:00,20jun2013 13:30:00,23780,23790,120,430,2,86173,33
236538,37223,Team 1,22jun2013,112,22jun2013 07:00:00,22jun2013 12:30:00,23873,23884,43,150,2,86173,28
130746,19758,Team 2,24jun2013,101,24jun2013 09:00:00,24jun2013 18:30:00,23973,23992,24,86,2,86173,38
800017,113319,Team 6,18jun2013,94,18jun2013 16:30:00,19jun2013 00:30:00,23700,23716,123,440,6,92872,19
266851,39814,Team 4,20jun2013,76,20jun2013 17:00:00,21jun2013 01:00:00,23797,23813,45,155,6,92872,22
199617,30305,Team 10,22jun2013,54,22jun2013 18:00:00,23jun2013 02:00:00,23895,23911,36,126,6,92872,20
414187,58687,Team 15,24jun2013,66,24jun2013 17:00:00,25jun2013 00:30:00,23989,24004,62,215,6,92872,22
574789,80114,Team 5,19jun2013,92,19jun2013 09:00:00,19jun2013 18:30:00,23733,23752,87,307,10,93772,14
153669,23280,Team 3,21jun2013,43,21jun2013 08:30:00,21jun2013 13:30:00,23828,23838,27,95,10,93772,16
773545,108977,Team 10,23jun2013,101,23jun2013 09:00:00,23jun2013 18:30:00,23925,23944,118,422,10,93772,19
214894,32156,Team 12,19jun2013,104,19jun2013 11:30:00,19jun2013 23:00:00,23738,23761,37,128,11,94083,22
138001,20396,Team 8,21jun2013,80,21jun2013 11:00:00,21jun2013 21:00:00,23833,23853,25,89,11,94083,25
236263,36338,Team 14,23jun2013,80,23jun2013 15:30:00,24jun2013 02:00:00,23938,23959,42,144,11,94083,28
153707,23560,Team 6,19jun2013,50,19jun2013 23:00:00,20jun2013 07:00:00,23761,23777,28,99,15,96858,31
672784,90403,Team 5,21jun2013,61,21jun2013 20:00:00,22jun2013 05:30:00,23851,23870,96,340,15,96858,10
455584,63005,Team 8,24jun2013,103,24jun2013 06:30:00,24jun2013 16:30:00,23968,23988,68,237,15,96858,25
153707,23559,Team 6,18jun2013,50,18jun2013 23:00:00,19jun2013 06:30:00,23713,23728,28,98,7,98413,29
227085,32954,Team 8,20jun2013,43,20jun2013 20:00:00,21jun2013 04:00:00,23803,23819,38,134,7,98413,11
145233,22387,Team 2,22jun2013,80,22jun2013 20:30:00,23jun2013 06:30:00,23900,23920,26,93,7,98413,39
214894,32160,Team 12,24jun2013,104,24jun2013 22:30:00,25jun2013 06:30:00,24000,24016,37,132,7,98413,28
53300,9463,Team 13,18jun2013,62,18jun2013 07:30:00,18jun2013 17:30:00,23682,23702,9,27,1,106879,30
609904,83813,Team 13,20jun2013,39,20jun2013 07:00:00,20jun2013 15:30:00,23777,23794,91,324,1,106879,28
713492,96635,Team 5,21jun2013,45,21jun2013 22:30:00,22jun2013 07:00:00,23856,23873,104,366,1,106879,43
990611,143401,Team 2,24jun2013,72,24jun2013 07:30:00,24jun2013 12:30:00,23970,23980,154,540,1,106879,31
988180,143123,Team 14,19jun2013,43,19jun2013 16:00:00,19jun2013 23:30:00,23747,23762,153,535,13,122331,50
33554,5901,Team 12,21jun2013,94,21jun2013 17:00:00,22jun2013 02:00:00,23845,23863,5,10,13,122331,20
672784,90405,Team 5,23jun2013,61,23jun2013 19:00:00,24jun2013 04:30:00,23945,23964,96,342,13,122331,19
414877,58980,Team 8,19jun2013,50,19jun2013 17:00:00,20jun2013 00:30:00,23749,23764,63,217,13,126333,25
351336,50362,Team 12,21jun2013,82,21jun2013 17:00:00,22jun2013 02:00:00,23845,23863,55,188,13,126333,50
866732,125259,Team 6,23jun2013,20,23jun2013 19:00:00,24jun2013 04:30:00,23945,23964,131,464,13,126333,18
447058,60996,Team 1,19jun2013,100,19jun2013 08:00:00,19jun2013 17:30:00,23731,23750,66,224,9,130307,33
765261,106918,Team 8,21jun2013,89,21jun2013 07:00:00,21jun2013 11:30:00,23825,23834,115,410,9,130307,22
126333,19083,Team 13,23jun2013,55,23jun2013 07:30:00,23jun2013 08:00:00,23922,23923,22,75,9,130307,30
571670,79190,Team 12,18jun2013,99,18jun2013 09:00:00,18jun2013 19:00:00,23685,23705,84,292,2,130746,36
38791,7584,Team 7,20jun2013,112,20jun2013 09:00:00,20jun2013 18:30:00,23781,23800,7,21,2,130746,16
527408,74789,Team 5,22jun2013,97,22jun2013 07:00:00,22jun2013 18:30:00,23873,23896,80,280,2,130746,26
769213,107891,Team 5,24jun2013,55,24jun2013 09:00:00,24jun2013 14:00:00,23973,23983,117,418,2,130746,12
681130,92920,Team 1,19jun2013,61,19jun2013 06:30:00,19jun2013 16:30:00,23728,23748,98,347,8,138001,24
737874,102033,Team 11,21jun2013,55,21jun2013 06:00:00,21jun2013 11:00:00,23823,23833,109,391,8,138001,23
703190,95713,Team 7,23jun2013,25,23jun2013 02:00:00,23jun2013 04:00:00,23911,23915,103,365,8,138001,25
574789,80113,Team 5,18jun2013,92,18jun2013 09:00:00,18jun2013 16:00:00,23685,23699,87,306,2,145233,14
53300,9465,Team 13,20jun2013,62,20jun2013 09:00:00,20jun2013 18:30:00,23781,23800,9,29,2,145233,35
688028,93825,Team 7,22jun2013,94,22jun2013 07:00:00,22jun2013 15:30:00,23873,23890,99,353,2,145233,29
794773,111292,Team 11,24jun2013,83,24jun2013 09:00:00,24jun2013 17:00:00,23973,23989,121,437,2,145233,39
981411,141262,Team 4,18jun2013,100,18jun2013 09:00:00,18jun2013 19:00:00,23685,23705,151,525,3,153669,37
574789,80115,Team 5,20jun2013,92,20jun2013 09:00:00,20jun2013 18:30:00,23781,23800,87,308,3,153669,15
808284,114335,Team 1,22jun2013,92,22jun2013 08:00:00,22jun2013 17:30:00,23875,23894,124,447,3,153669,31
753239,105007,Team 13,24jun2013,68,24jun2013 10:30:00,24jun2013 20:30:00,23976,23996,113,404,3,153669,9
979505,140712,Team 6,18jun2013,64,18jun2013 17:30:00,19jun2013 04:00:00,23702,23723,150,522,6,153707,24
512923,72991,Team 4,20jun2013,66,20jun2013 17:30:00,21jun2013 04:00:00,23798,23819,78,271,6,153707,18
832227,118551,Team 2,22jun2013,61,22jun2013 18:00:00,23jun2013 04:00:00,23895,23915,126,453,6,153707,34
899189,131539,Team 11,24jun2013,24,24jun2013 17:00:00,24jun2013 23:30:00,23989,24002,140,496,6,153707,24
176945,27605,Team 1,19jun2013,72,19jun2013 23:00:00,20jun2013 07:00:00,23761,23777,33,114,15,157283,30
145233,22386,Team 2,21jun2013,80,21jun2013 20:30:00,22jun2013 07:00:00,23852,23873,26,92,15,157283,40
574141,79547,Team 10,24jun2013,96,24jun2013 06:30:00,24jun2013 17:00:00,23968,23989,86,305,15,157283,26
732892,100054,Team 1,18jun2013,55,18jun2013 09:00:00,18jun2013 14:00:00,23685,23695,107,378,2,166419,13
122331,18738,Team 13,20jun2013,56,20jun2013 09:00:00,20jun2013 18:30:00,23781,23800,21,69,2,166419,36
891194,130122,Team 6,22jun2013,84,22jun2013 07:00:00,22jun2013 18:30:00,23873,23896,138,488,2,166419,21
765261,106919,Team 8,24jun2013,89,24jun2013 09:30:00,24jun2013 17:30:00,23974,23990,115,411,2,166419,40
145233,22385,Team 2,18jun2013,80,18jun2013 11:00:00,18jun2013 20:00:00,23689,23707,26,91,3,170725,11
92872,14697,Team 6,20jun2013,81,20jun2013 10:30:00,20jun2013 21:00:00,23784,23805,15,54,3,170725,24
86173,13684,Team 2,22jun2013,123,22jun2013 09:00:00,22jun2013 19:00:00,23877,23897,14,50,3,170725,33
808284,114337,Team 1,24jun2013,92,24jun2013 11:00:00,24jun2013 19:00:00,23977,23993,124,449,3,170725,43
92872,14696,Team 6,19jun2013,81,19jun2013 12:00:00,19jun2013 22:00:00,23739,23759,15,53,12,172469,7
679841,91968,Team 7,21jun2013,79,21jun2013 11:00:00,21jun2013 21:00:00,23833,23853,97,345,12,172469,23
157283,24451,Team 15,23jun2013,93,23jun2013 16:00:00,24jun2013 01:30:00,23939,23958,29,104,12,172469,24
130307,19405,Team 9,18jun2013,76,18jun2013 06:30:00,18jun2013 13:30:00,23680,23694,23,77,1,176945,26
698855,94665,Team 7,19jun2013,72,19jun2013 23:00:00,20jun2013 07:00:00,23761,23777,102,360,1,176945,32
266851,39815,Team 4,21jun2013,76,21jun2013 20:30:00,22jun2013 05:00:00,23852,23869,45,156,1,176945,11
305690,44912,Team 5,24jun2013,60,24jun2013 07:00:00,24jun2013 16:30:00,23969,23988,50,170,1,176945,21
447058,60995,Team 1,18jun2013,100,18jun2013 08:00:00,18jun2013 18:00:00,23683,23703,66,223,2,190413,32
447058,60997,Team 1,20jun2013,100,20jun2013 08:00:00,20jun2013 17:30:00,23779,23798,66,225,2,190413,31
130307,19407,Team 9,22jun2013,76,22jun2013 06:30:00,22jun2013 18:30:00,23872,23896,23,79,2,190413,24
743773,102344,Team 9,24jun2013,76,24jun2013 08:00:00,24jun2013 15:00:00,23971,23985,110,396,2,190413,34
927082,135903,Team 5,18jun2013,35,18jun2013 19:00:00,18jun2013 22:00:00,23705,23711,145,507,7,192578,37
927082,135905,Team 5,20jun2013,35,20jun2013 18:00:00,20jun2013 21:30:00,23799,23806,145,509,7,192578,8
236263,36337,Team 14,22jun2013,80,22jun2013 19:00:00,23jun2013 02:00:00,23897,23911,42,143,7,192578,33
8041,1437,Team 7,24jun2013,31,24jun2013 18:00:00,24jun2013 23:00:00,23991,24001,2,4,7,192578,44
657288,88649,Team 2,19jun2013,101,19jun2013 08:00:00,19jun2013 17:30:00,23731,23750,95,336,10,199617,17
38791,7585,Team 7,21jun2013,112,21jun2013 08:00:00,21jun2013 17:30:00,23827,23846,7,22,10,199617,32
688028,93826,Team 7,23jun2013,94,23jun2013 08:00:00,23jun2013 15:30:00,23923,23938,99,354,10,199617,30
192578,28929,Team 7,19jun2013,78,19jun2013 12:00:00,19jun2013 22:00:00,23739,23759,35,121,12,214894,47
92872,14698,Team 6,21jun2013,81,21jun2013 12:00:00,21jun2013 22:00:00,23835,23855,15,55,12,214894,43
351336,50364,Team 12,23jun2013,82,23jun2013 16:00:00,23jun2013 23:30:00,23939,23954,55,190,12,214894,22
106879,17367,Team 1,19jun2013,61,19jun2013 06:30:00,19jun2013 16:30:00,23728,23748,20,66,8,227085,26
228236,33451,Team 11,20jun2013,55,20jun2013 23:00:00,21jun2013 02:30:00,23809,23816,39,138,8,227085,20
190413,28032,Team 2,22jun2013,80,22jun2013 21:00:00,23jun2013 07:00:00,23901,23921,34,119,8,227085,38
94083,15954,Team 11,19jun2013,81,19jun2013 11:00:00,19jun2013 20:30:00,23737,23756,17,60,11,228236,10
877787,127152,Team 1,21jun2013,49,21jun2013 09:00:00,21jun2013 13:30:00,23829,23838,134,472,11,228236,14
501521,71695,Team 1,23jun2013,126,23jun2013 11:00:00,23jun2013 21:00:00,23929,23949,77,269,11,228236,36
130307,19406,Team 9,19jun2013,76,19jun2013 06:30:00,19jun2013 11:30:00,23728,23738,23,78,8,231145,23
698855,94666,Team 7,20jun2013,72,20jun2013 23:00:00,21jun2013 06:30:00,23809,23824,102,361,8,231145,29
266851,39816,Team 4,22jun2013,76,22jun2013 21:00:00,23jun2013 06:30:00,23901,23920,45,157,8,231145,44
343038,48786,Team 5,19jun2013,84,19jun2013 06:30:00,19jun2013 16:30:00,23728,23748,54,183,8,235272,27
882116,128484,Team 12,20jun2013,37,20jun2013 23:00:00,21jun2013 06:30:00,23809,23824,136,478,8,235272,16
432259,60529,Team 14,22jun2013,16,22jun2013 21:00:00,22jun2013 23:00:00,23901,23905,65,221,8,235272,37
800017,113320,Team 6,19jun2013,94,19jun2013 17:00:00,20jun2013 01:00:00,23749,23765,123,441,14,236263,26
877773,126461,Team 13,21jun2013,72,21jun2013 17:00:00,22jun2013 01:30:00,23845,23862,133,467,14,236263,21
70830,11966,Team 5,23jun2013,81,23jun2013 21:30:00,24jun2013 07:00:00,23950,23969,13,46,14,236263,36
126333,19080,Team 13,18jun2013,55,18jun2013 07:00:00,18jun2013 14:30:00,23681,23696,22,72,1,236538,28
343038,48787,Team 5,20jun2013,84,20jun2013 06:30:00,20jun2013 16:30:00,23776,23796,54,184,1,236538,23
703190,95712,Team 7,21jun2013,25,21jun2013 22:00:00,21jun2013 23:30:00,23855,23858,103,364,1,236538,42
537701,75777,Team 8,24jun2013,79,24jun2013 07:30:00,24jun2013 15:30:00,23970,23986,82,287,1,236538,19
545569,77138,Team 14,19jun2013,82,19jun2013 16:00:00,20jun2013 02:00:00,23747,23767,83,289,13,247347,4
782352,109385,Team 1,21jun2013,81,21jun2013 15:30:00,22jun2013 01:30:00,23842,23862,119,426,13,247347,14
492607,68640,Team 13,23jun2013,43,23jun2013 18:00:00,24jun2013 01:30:00,23943,23958,74,254,13,247347,16
493296,69502,Team 10,18jun2013,79,18jun2013 11:30:00,18jun2013 20:30:00,23690,23708,75,256,4,266851,25
321647,46107,Team 9,20jun2013,76,20jun2013 11:00:00,20jun2013 19:30:00,23785,23802,51,171,4,266851,12
794773,111290,Team 11,22jun2013,83,22jun2013 09:00:00,22jun2013 17:00:00,23877,23893,121,435,4,266851,17
986245,142037,Team 12,24jun2013,87,24jun2013 11:30:00,24jun2013 22:00:00,23978,23999,152,533,4,266851,45
698808,94502,Team 4,18jun2013,33,18jun2013 16:30:00,19jun2013 00:30:00,23700,23716,101,357,6,283302,50
70164,11634,Team 11,20jun2013,68,20jun2013 17:00:00,21jun2013 00:30:00,23797,23812,12,40,6,283302,21
70164,11636,Team 11,22jun2013,68,22jun2013 18:00:00,23jun2013 04:00:00,23895,23915,12,42,6,283302,18
351336,50365,Team 12,24jun2013,82,24jun2013 17:00:00,24jun2013 22:30:00,23989,24000,55,191,6,283302,21
688028,93823,Team 7,19jun2013,94,19jun2013 21:00:00,20jun2013 06:30:00,23757,23776,99,351,15,284838,11
247347,38993,Team 13,21jun2013,41,21jun2013 20:00:00,22jun2013 05:30:00,23851,23870,44,152,15,284838,41
96858,16260,Team 15,24jun2013,12,24jun2013 06:30:00,24jun2013 12:00:00,23968,23979,18,63,15,284838,23
527408,74787,Team 5,18jun2013,97,18jun2013 16:00:00,18jun2013 23:30:00,23699,23714,80,278,5,285442,14
782352,109384,Team 1,20jun2013,81,20jun2013 15:30:00,21jun2013 01:30:00,23794,23814,119,425,5,285442,48
455530,62206,Team 5,22jun2013,97,22jun2013 17:00:00,23jun2013 02:00:00,23893,23911,67,230,5,285442,23
492607,68641,Team 13,24jun2013,43,24jun2013 16:00:00,24jun2013 21:00:00,23987,23997,74,255,5,285442,14
59950,11430,Team 5,19jun2013,64,19jun2013 22:00:00,19jun2013 23:00:00,23759,23761,11,36,15,301623,32
483269,67933,Team 11,21jun2013,25,21jun2013 20:00:00,22jun2013 02:00:00,23851,23863,73,252,15,301623,9
130307,19409,Team 9,24jun2013,76,24jun2013 06:30:00,24jun2013 11:30:00,23968,23978,23,81,15,301623,27
339824,48432,Team 9,18jun2013,87,18jun2013 16:00:00,19jun2013 02:00:00,23699,23719,53,179,5,305690,38
767564,107746,Team 10,20jun2013,33,20jun2013 15:30:00,20jun2013 23:30:00,23794,23810,116,412,5,305690,9
414187,58685,Team 15,22jun2013,66,22jun2013 17:00:00,22jun2013 23:30:00,23893,23906,62,213,5,305690,22
236263,36339,Team 14,24jun2013,80,24jun2013 16:00:00,25jun2013 02:00:00,23987,24007,42,145,5,305690,35
53300,9464,Team 13,19jun2013,62,19jun2013 07:30:00,19jun2013 17:30:00,23730,23750,9,28,9,321647,32
572207,79325,Team 4,21jun2013,48,21jun2013 07:00:00,21jun2013 13:00:00,23825,23837,85,300,9,321647,29
527408,74790,Team 5,23jun2013,97,23jun2013 07:00:00,23jun2013 15:30:00,23921,23938,80,281,9,321647,28
266851,39813,Team 4,19jun2013,76,19jun2013 18:00:00,20jun2013 04:00:00,23751,23771,45,154,14,338397,16
305690,44911,Team 5,21jun2013,60,21jun2013 18:00:00,22jun2013 03:30:00,23847,23866,50,169,14,338397,19
190413,28033,Team 2,23jun2013,80,23jun2013 22:00:00,24jun2013 07:00:00,23951,23969,34,120,14,338397,38
236538,37220,Team 1,19jun2013,112,19jun2013 08:00:00,19jun2013 18:00:00,23731,23751,43,147,9,339824,34
657288,88651,Team 2,21jun2013,101,21jun2013 07:00:00,21jun2013 17:00:00,23825,23845,95,338,9,339824,21
800017,113322,Team 6,23jun2013,94,23jun2013 07:00:00,23jun2013 15:30:00,23921,23938,123,443,9,339824,22
754948,105521,Team 12,18jun2013,34,18jun2013 16:00:00,19jun2013 00:00:00,23699,23715,114,405,5,343038,48
338397,48081,Team 14,20jun2013,77,20jun2013 16:00:00,21jun2013 01:30:00,23795,23814,52,176,5,343038,49
877773,126462,Team 13,22jun2013,72,22jun2013 17:00:00,23jun2013 02:00:00,23893,23911,133,468,5,343038,27
679841,91969,Team 7,24jun2013,79,24jun2013 16:00:00,25jun2013 01:30:00,23987,24006,97,346,5,343038,17
527408,74788,Team 5,19jun2013,97,19jun2013 14:00:00,19jun2013 22:30:00,23743,23760,80,279,12,351336,12
338397,48082,Team 14,21jun2013,77,21jun2013 13:00:00,21jun2013 22:30:00,23837,23856,52,177,12,351336,46
925831,135399,Team 13,23jun2013,58,23jun2013 16:00:00,24jun2013 01:30:00,23939,23958,144,505,12,351336,25
821417,115591,Team 12,18jun2013,20,18jun2013 12:30:00,18jun2013 22:00:00,23692,23711,125,450,4,353379,7
399447,56810,Team 12,20jun2013,95,20jun2013 11:30:00,20jun2013 19:30:00,23786,23802,60,207,4,353379,43
607083,83262,Team 9,22jun2013,85,22jun2013 10:30:00,22jun2013 21:00:00,23880,23901,90,321,4,353379,37
301623,44035,Team 15,24jun2013,40,24jun2013 13:00:00,24jun2013 22:30:00,23981,24000,49,167,4,353379,5
915075,134202,Team 14,19jun2013,66,19jun2013 11:30:00,19jun2013 22:00:00,23738,23759,143,501,11,359142,44
607083,83261,Team 9,21jun2013,85,21jun2013 11:00:00,21jun2013 20:30:00,23833,23852,90,320,11,359142,40
122331,18740,Team 13,23jun2013,56,23jun2013 16:00:00,23jun2013 23:30:00,23939,23954,21,71,11,359142,20
38178,6764,Team 7,18jun2013,67,18jun2013 17:30:00,19jun2013 00:00:00,23702,23715,6,14,6,364323,21
880808,127908,Team 2,20jun2013,54,20jun2013 17:00:00,21jun2013 00:30:00,23797,23812,135,475,6,364323,23
713492,96636,Team 5,22jun2013,45,22jun2013 18:00:00,23jun2013 01:30:00,23895,23910,104,367,6,364323,35
735428,100888,Team 13,24jun2013,84,24jun2013 17:00:00,25jun2013 00:30:00,23989,24004,108,387,6,364323,25
70830,11963,Team 5,18jun2013,81,18jun2013 10:30:00,18jun2013 19:30:00,23688,23706,13,43,3,383888,39
769213,107889,Team 5,20jun2013,55,20jun2013 09:00:00,20jun2013 14:00:00,23781,23791,117,416,3,383888,14
106879,17368,Team 1,22jun2013,61,22jun2013 08:30:00,22jun2013 17:30:00,23876,23894,20,67,3,383888,32
228236,33452,Team 11,24jun2013,55,24jun2013 11:00:00,24jun2013 21:00:00,23977,23997,39,139,3,383888,8
468416,65056,Team 10,19jun2013,46,19jun2013 15:30:00,19jun2013 23:30:00,23746,23762,70,243,12,399447,13
609904,83815,Team 13,21jun2013,39,21jun2013 14:00:00,21jun2013 15:30:00,23839,23842,91,326,12,399447,13
364323,53429,Team 6,23jun2013,47,23jun2013 17:30:00,23jun2013 22:30:00,23942,23952,58,202,12,399447,31
130746,19754,Team 2,18jun2013,101,18jun2013 13:00:00,18jun2013 22:30:00,23693,23712,24,82,4,408514,45
138001,20395,Team 8,20jun2013,80,20jun2013 12:00:00,20jun2013 22:00:00,23787,23807,25,88,4,408514,44
501521,71694,Team 1,22jun2013,126,22jun2013 11:00:00,22jun2013 21:00:00,23881,23901,77,268,4,408514,38
767564,107747,Team 10,24jun2013,33,24jun2013 14:00:00,24jun2013 21:30:00,23983,23998,116,413,4,408514,12
620947,85230,Team 4,19jun2013,32,19jun2013 23:00:00,20jun2013 06:30:00,23761,23776,92,328,15,414187,29
190413,28031,Team 2,21jun2013,80,21jun2013 20:30:00,22jun2013 06:30:00,23852,23872,34,118,15,414187,39
602783,81952,Team 10,24jun2013,82,24jun2013 06:30:00,24jun2013 17:00:00,23968,23989,88,314,15,414187,22
732892,100055,Team 1,19jun2013,55,19jun2013 06:30:00,19jun2013 11:30:00,23728,23738,107,379,8,414877,22
58138,10765,Team 9,21jun2013,85,21jun2013 06:30:00,21jun2013 16:30:00,23824,23844,10,32,8,414877,26
98413,16885,Team 7,23jun2013,40,23jun2013 06:30:00,23jun2013 16:30:00,23920,23940,19,65,8,414877,26
236538,37219,Team 1,18jun2013,112,18jun2013 08:00:00,18jun2013 18:00:00,23683,23703,43,146,2,427774,18
887296,129293,Team 14,20jun2013,91,20jun2013 07:30:00,20jun2013 17:30:00,23778,23798,137,481,2,427774,30
227085,32955,Team 8,22jun2013,43,22jun2013 00:00:00,22jun2013 02:30:00,23859,23864,38,135,2,427774,13
192578,28933,Team 7,24jun2013,78,24jun2013 08:00:00,24jun2013 15:30:00,23971,23986,35,124,2,427774,16
574141,79544,Team 10,19jun2013,96,19jun2013 17:00:00,20jun2013 00:30:00,23749,23764,86,302,14,432259,24
455530,62205,Team 5,21jun2013,97,21jun2013 17:00:00,22jun2013 02:00:00,23845,23863,67,229,14,432259,48
399447,56812,Team 12,23jun2013,95,23jun2013 20:00:00,24jun2013 06:00:00,23947,23967,60,209,14,432259,33
157283,24448,Team 15,18jun2013,93,18jun2013 06:30:00,18jun2013 17:00:00,23680,23701,29,101,1,447058,24
753239,105005,Team 13,19jun2013,68,19jun2013 23:00:00,20jun2013 05:00:00,23761,23773,113,402,1,447058,33
432259,60527,Team 14,21jun2013,16,21jun2013 20:30:00,21jun2013 23:30:00,23852,23858,65,220,1,447058,12
527408,74791,Team 5,24jun2013,97,24jun2013 07:00:00,24jun2013 17:00:00,23969,23989,80,282,1,447058,30
455584,63001,Team 8,18jun2013,103,18jun2013 13:00:00,18jun2013 22:30:00,23693,23712,68,233,5,455530,6
192578,28931,Team 7,20jun2013,78,20jun2013 13:00:00,20jun2013 22:30:00,23789,23808,35,122,5,455530,46
899601,132062,Team 4,22jun2013,49,22jun2013 11:00:00,22jun2013 19:30:00,23881,23898,141,497,5,455530,12
157283,24452,Team 15,24jun2013,93,24jun2013 14:30:00,24jun2013 22:30:00,23984,24000,29,105,5,455530,37
58138,10763,Team 9,19jun2013,85,19jun2013 06:30:00,19jun2013 17:00:00,23728,23749,10,30,8,455584,28
176945,27606,Team 1,20jun2013,72,20jun2013 23:00:00,21jun2013 07:00:00,23809,23825,33,115,8,455584,30
898912,130860,Team 1,22jun2013,79,22jun2013 20:30:00,23jun2013 06:30:00,23900,23920,139,493,8,455584,42
887296,129297,Team 14,24jun2013,91,24jun2013 23:30:00,25jun2013 00:30:00,24002,24004,137,485,8,455584,24
737874,102031,Team 11,19jun2013,55,19jun2013 06:30:00,19jun2013 11:30:00,23728,23738,109,389,9,465713,21
172469,26741,Team 12,21jun2013,86,21jun2013 06:30:00,21jun2013 17:00:00,23824,23845,32,111,9,465713,24
574141,79546,Team 10,23jun2013,96,23jun2013 06:30:00,23jun2013 15:30:00,23920,23938,86,304,9,465713,24
765261,106916,Team 8,19jun2013,89,19jun2013 08:00:00,19jun2013 18:00:00,23731,23751,115,408,10,468416,16
122331,18739,Team 13,21jun2013,56,21jun2013 08:00:00,21jun2013 17:30:00,23827,23846,21,70,10,468416,18
794773,111291,Team 11,23jun2013,83,23jun2013 08:00:00,23jun2013 16:00:00,23923,23939,121,436,10,468416,20
877787,127151,Team 1,18jun2013,49,18jun2013 09:00:00,18jun2013 14:00:00,23685,23695,134,471,3,470453,38
571670,79192,Team 12,20jun2013,99,20jun2013 09:00:00,20jun2013 18:30:00,23781,23800,84,294,3,470453,37
773545,108976,Team 10,22jun2013,101,22jun2013 08:00:00,22jun2013 17:30:00,23875,23894,118,421,3,470453,19
501521,71696,Team 1,24jun2013,126,24jun2013 10:30:00,24jun2013 21:00:00,23976,23997,77,270,3,470453,42
138001,20394,Team 8,19jun2013,80,19jun2013 11:00:00,19jun2013 21:00:00,23737,23757,25,87,11,481312,41
496150,70668,Team 10,21jun2013,82,21jun2013 10:00:00,21jun2013 18:00:00,23831,23847,76,263,11,481312,31
808284,114336,Team 1,23jun2013,92,23jun2013 11:00:00,23jun2013 18:30:00,23929,23944,124,448,11,481312,14
537701,75774,Team 8,19jun2013,79,19jun2013 11:00:00,19jun2013 20:30:00,23737,23756,82,284,11,483269,9
70830,11964,Team 5,21jun2013,81,21jun2013 10:30:00,21jun2013 20:30:00,23832,23852,13,44,11,483269,39
887296,129296,Team 14,23jun2013,91,23jun2013 11:00:00,23jun2013 12:30:00,23929,23932,137,484,11,483269,37
283302,41143,Team 6,19jun2013,49,19jun2013 16:00:00,20jun2013 00:00:00,23747,23763,46,158,13,492607,20
383888,54985,Team 3,21jun2013,28,21jun2013 15:30:00,21jun2013 23:00:00,23842,23857,59,204,13,492607,35
283302,41145,Team 6,23jun2013,49,23jun2013 18:00:00,24jun2013 01:30:00,23943,23958,46,160,13,492607,37
465713,64594,Team 9,19jun2013,72,19jun2013 08:30:00,19jun2013 17:00:00,23732,23749,69,238,10,493296,15
236538,37222,Team 1,21jun2013,112,21jun2013 08:00:00,21jun2013 18:00:00,23827,23847,43,149,10,493296,33
86173,13685,Team 2,23jun2013,123,23jun2013 09:00:00,23jun2013 19:00:00,23925,23945,14,51,10,493296,32
571670,79191,Team 12,19jun2013,99,19jun2013 08:30:00,19jun2013 18:30:00,23732,23752,84,293,10,496150,36
571670,79193,Team 12,21jun2013,99,21jun2013 08:00:00,21jun2013 17:30:00,23827,23846,84,295,10,496150,17
94083,15955,Team 11,23jun2013,81,23jun2013 09:00:00,23jun2013 18:30:00,23925,23944,17,61,10,496150,18
731314,98919,Team 12,18jun2013,122,18jun2013 07:00:00,18jun2013 16:30:00,23681,23700,106,372,1,501521,22
732892,100056,Team 1,20jun2013,55,20jun2013 06:30:00,20jun2013 11:30:00,23776,23786,107,380,1,501521,25
70164,11635,Team 11,21jun2013,68,21jun2013 22:30:00,22jun2013 06:30:00,23856,23872,12,41,1,501521,8
939721,137040,Team 14,24jun2013,39,24jun2013 07:30:00,24jun2013 13:30:00,23970,23982,146,513,1,501521,32
808284,114333,Team 1,18jun2013,92,18jun2013 11:30:00,18jun2013 19:30:00,23690,23706,124,445,4,512923,41
353379,51200,Team 4,20jun2013,83,20jun2013 11:00:00,20jun2013 21:00:00,23785,23805,56,193,4,512923,39
877787,127153,Team 1,22jun2013,49,22jun2013 09:00:00,22jun2013 14:00:00,23877,23887,134,473,4,512923,34
176945,27607,Team 1,24jun2013,72,24jun2013 12:00:00,24jun2013 22:00:00,23979,23999,33,116,4,512923,46
468416,65055,Team 10,18jun2013,46,18jun2013 15:30:00,19jun2013 00:00:00,23698,23715,70,242,5,515269,13
858604,123079,Team 8,20jun2013,27,20jun2013 14:00:00,20jun2013 20:00:00,23791,23803,130,462,5,515269,14
157283,24450,Team 15,22jun2013,93,22jun2013 16:30:00,23jun2013 01:30:00,23892,23910,29,103,5,515269,29
681130,92922,Team 1,24jun2013,61,24jun2013 15:00:00,25jun2013 00:30:00,23985,24004,98,349,5,515269,34
470453,65479,Team 3,18jun2013,52,18jun2013 15:30:00,19jun2013 00:00:00,23698,23715,71,245,5,527408,16
214894,32157,Team 12,20jun2013,104,20jun2013 15:30:00,21jun2013 01:30:00,23794,23814,37,129,5,527408,17
33554,5902,Team 12,22jun2013,94,22jun2013 17:00:00,23jun2013 01:30:00,23893,23910,5,11,5,527408,17
981411,141266,Team 4,24jun2013,100,24jun2013 15:00:00,24jun2013 22:30:00,23985,24000,151,529,5,527408,23
59950,11428,Team 5,18jun2013,64,18jun2013 12:00:00,18jun2013 18:30:00,23691,23704,11,34,4,535978,42
607083,83260,Team 9,20jun2013,85,20jun2013 11:00:00,20jun2013 20:00:00,23785,23803,90,319,4,535978,11
399447,56811,Team 12,22jun2013,95,22jun2013 09:30:00,22jun2013 17:30:00,23878,23894,60,208,4,535978,35
927082,135906,Team 5,24jun2013,35,24jun2013 12:00:00,24jun2013 17:30:00,23979,23990,145,510,4,535978,47
353379,51199,Team 4,19jun2013,83,19jun2013 06:30:00,19jun2013 16:30:00,23728,23748,56,192,8,537701,29
38178,6767,Team 7,21jun2013,67,21jun2013 03:00:00,21jun2013 05:00:00,23817,23821,6,17,8,537701,22
880808,127910,Team 2,22jun2013,54,22jun2013 21:00:00,23jun2013 07:00:00,23901,23921,135,477,8,537701,13
986245,142035,Team 12,19jun2013,87,19jun2013 17:30:00,20jun2013 04:00:00,23750,23771,152,531,14,545569,15
235272,35631,Team 8,21jun2013,21,21jun2013 18:00:00,22jun2013 04:00:00,23847,23867,41,141,14,545569,33
145233,22388,Team 2,23jun2013,80,23jun2013 22:00:00,24jun2013 06:30:00,23951,23968,26,94,14,545569,43
990611,143398,Team 2,19jun2013,72,19jun2013 13:00:00,19jun2013 23:00:00,23741,23761,154,537,12,571670,5
990611,143400,Team 2,21jun2013,72,21jun2013 12:00:00,21jun2013 21:30:00,23835,23854,154,539,12,571670,8
877773,126463,Team 13,23jun2013,72,23jun2013 16:00:00,24jun2013 00:30:00,23939,23956,133,469,12,571670,29
305690,44910,Team 5,18jun2013,60,18jun2013 12:00:00,18jun2013 21:30:00,23691,23710,50,168,4,572207,43
915075,134203,Team 14,20jun2013,66,20jun2013 11:00:00,20jun2013 22:30:00,23785,23808,143,502,4,572207,40
967583,139855,Team 10,22jun2013,84,22jun2013 10:00:00,22jun2013 20:30:00,23879,23900,149,520,4,572207,36
38178,6768,Team 7,24jun2013,67,24jun2013 12:30:00,24jun2013 21:00:00,23980,23997,6,18,4,572207,49
38791,7583,Team 7,19jun2013,112,19jun2013 10:00:00,19jun2013 19:30:00,23735,23754,7,20,10,574141,39
468416,65057,Team 10,21jun2013,46,21jun2013 09:00:00,21jun2013 14:00:00,23829,23839,70,244,10,574141,37
607083,83263,Team 9,23jun2013,85,23jun2013 10:30:00,23jun2013 22:00:00,23928,23951,90,322,10,574141,35
794773,111288,Team 11,18jun2013,83,18jun2013 16:00:00,18jun2013 23:30:00,23699,23714,121,433,5,574789,34
715012,97150,Team 15,20jun2013,55,20jun2013 16:00:00,21jun2013 01:30:00,23795,23814,105,369,5,574789,5
214894,32159,Team 12,22jun2013,104,22jun2013 17:30:00,23jun2013 03:30:00,23894,23914,37,131,5,574789,31
715012,97152,Team 15,24jun2013,55,24jun2013 16:00:00,24jun2013 23:00:00,23987,24001,105,371,5,574789,33
496150,70666,Team 10,19jun2013,82,19jun2013 10:00:00,19jun2013 16:00:00,23735,23747,76,261,10,602783,11
769213,107890,Team 5,21jun2013,55,21jun2013 09:00:00,21jun2013 14:00:00,23829,23839,117,417,10,602783,13
967583,139856,Team 10,23jun2013,84,23jun2013 10:30:00,23jun2013 22:00:00,23928,23951,149,521,10,602783,15
228236,33449,Team 11,18jun2013,55,18jun2013 23:00:00,19jun2013 06:30:00,23713,23728,39,136,8,602900,27
688028,93824,Team 7,20jun2013,94,20jun2013 21:00:00,21jun2013 06:30:00,23805,23824,99,352,8,602900,43
515269,73252,Team 5,22jun2013,64,22jun2013 20:30:00,23jun2013 06:30:00,23900,23920,79,276,8,602900,11
858604,123080,Team 8,24jun2013,27,24jun2013 22:30:00,25jun2013 05:00:00,24000,24013,130,463,8,602900,23
481312,67081,Team 11,19jun2013,36,19jun2013 08:00:00,19jun2013 13:30:00,23731,23742,72,249,9,607083,35
887296,129294,Team 14,21jun2013,91,21jun2013 07:30:00,21jun2013 18:00:00,23826,23847,137,482,9,607083,19
130746,19757,Team 2,23jun2013,101,23jun2013 08:00:00,23jun2013 17:30:00,23923,23942,24,85,9,607083,31
501521,71692,Team 1,19jun2013,126,19jun2013 17:00:00,20jun2013 02:30:00,23749,23768,77,266,13,609904,27
414187,58684,Team 15,21jun2013,66,21jun2013 17:00:00,22jun2013 02:00:00,23845,23863,62,212,13,609904,22
535978,75278,Team 4,23jun2013,22,23jun2013 19:30:00,24jun2013 06:00:00,23946,23967,81,283,13,609904,14
38791,7582,Team 7,18jun2013,112,18jun2013 13:00:00,18jun2013 22:30:00,23693,23712,7,19,4,620947,46
59950,11431,Team 5,20jun2013,64,20jun2013 12:00:00,20jun2013 17:30:00,23787,23798,11,37,4,620947,8
321647,46109,Team 9,22jun2013,76,22jun2013 11:00:00,22jun2013 20:30:00,23881,23900,51,173,4,620947,39
925831,135400,Team 13,24jun2013,58,24jun2013 13:00:00,24jun2013 21:00:00,23981,23997,144,506,4,620947,50
94083,15953,Team 11,18jun2013,81,18jun2013 11:00:00,18jun2013 20:30:00,23689,23708,17,59,3,624150,40
496150,70667,Team 10,20jun2013,82,20jun2013 10:00:00,20jun2013 18:00:00,23783,23799,76,262,3,624150,38
903974,132418,Team 10,22jun2013,20,22jun2013 08:30:00,22jun2013 18:00:00,23876,23895,142,500,3,624150,18
427774,59696,Team 2,24jun2013,15,24jun2013 11:00:00,24jun2013 18:00:00,23977,23991,64,219,3,624150,44
986245,142034,Team 12,18jun2013,87,18jun2013 17:30:00,19jun2013 03:30:00,23702,23722,152,530,6,655988,26
359142,52589,Team 11,20jun2013,78,20jun2013 18:00:00,21jun2013 04:00:00,23799,23819,57,198,6,655988,26
2708,529,Team 15,22jun2013,20,22jun2013 18:30:00,23jun2013 00:30:00,23896,23908,1,2,6,655988,21
106879,17369,Team 1,24jun2013,61,24jun2013 17:30:00,25jun2013 03:30:00,23990,24010,20,68,6,655988,47
769213,107887,Team 5,18jun2013,55,18jun2013 09:00:00,18jun2013 14:00:00,23685,23695,117,414,2,657288,12
236538,37221,Team 1,20jun2013,112,20jun2013 09:00:00,20jun2013 19:00:00,23781,23801,43,148,2,657288,13
98413,16884,Team 7,22jun2013,40,22jun2013 07:30:00,22jun2013 16:30:00,23874,23892,19,64,2,657288,30
899601,132064,Team 4,24jun2013,49,24jun2013 10:00:00,24jun2013 17:00:00,23975,23989,141,499,2,657288,10
190413,28030,Team 2,18jun2013,80,18jun2013 13:00:00,18jun2013 22:00:00,23693,23711,34,117,5,672784,5
537701,75775,Team 8,20jun2013,79,20jun2013 12:00:00,20jun2013 21:30:00,23787,23806,82,285,5,672784,45
887296,129295,Team 14,22jun2013,91,22jun2013 11:00:00,22jun2013 20:30:00,23881,23900,137,483,5,672784,11
58138,10766,Team 9,24jun2013,85,24jun2013 14:30:00,25jun2013 00:30:00,23984,24004,10,33,5,672784,18
301623,44034,Team 15,18jun2013,40,18jun2013 18:00:00,19jun2013 03:30:00,23703,23722,49,166,7,679841,17
501521,71693,Team 1,20jun2013,126,20jun2013 18:00:00,21jun2013 04:00:00,23799,23819,77,267,7,679841,38
166419,24846,Team 2,22jun2013,36,22jun2013 18:30:00,23jun2013 02:00:00,23896,23911,30,107,7,679841,24
343038,48789,Team 5,24jun2013,84,24jun2013 17:30:00,25jun2013 03:30:00,23990,24010,54,186,7,679841,39
624150,85628,Team 3,18jun2013,34,18jun2013 06:30:00,18jun2013 12:00:00,23680,23691,93,330,1,681130,27
228236,33450,Team 11,20jun2013,55,20jun2013 01:30:00,20jun2013 06:00:00,23766,23775,39,137,1,681130,23
835571,119319,Team 7,21jun2013,64,21jun2013 20:30:00,22jun2013 07:00:00,23852,23873,127,454,1,681130,5
800017,113323,Team 6,24jun2013,94,24jun2013 07:00:00,24jun2013 17:00:00,23969,23989,123,444,1,681130,20
988180,143122,Team 14,18jun2013,43,18jun2013 18:30:00,18jun2013 22:00:00,23704,23711,153,534,7,688028,18
832227,118549,Team 2,20jun2013,61,20jun2013 18:00:00,21jun2013 03:30:00,23799,23818,126,451,7,688028,27
40927,7986,Team 7,22jun2013,41,22jun2013 19:00:00,23jun2013 04:30:00,23897,23916,8,26,7,688028,10
364323,53430,Team 6,24jun2013,47,24jun2013 17:30:00,24jun2013 23:00:00,23990,24001,58,203,7,688028,27
86173,13682,Team 2,19jun2013,123,19jun2013 11:00:00,19jun2013 20:30:00,23737,23756,14,48,11,690937,42
789283,110292,Team 11,21jun2013,53,21jun2013 09:00:00,21jun2013 13:30:00,23829,23838,120,431,11,690937,38
321647,46110,Team 9,23jun2013,76,23jun2013 11:00:00,23jun2013 20:30:00,23929,23948,51,174,11,690937,13
898912,130858,Team 1,18jun2013,79,18jun2013 11:00:00,18jun2013 20:00:00,23689,23707,139,491,4,698808,10
93772,15498,Team 10,20jun2013,36,20jun2013 11:00:00,20jun2013 19:30:00,23785,23802,16,57,4,698808,10
130746,19756,Team 2,22jun2013,101,22jun2013 09:00:00,22jun2013 18:30:00,23877,23896,24,84,4,698808,16
882116,128485,Team 12,24jun2013,37,24jun2013 11:00:00,24jun2013 21:00:00,23977,23997,136,479,4,698808,7
359142,52587,Team 11,18jun2013,78,18jun2013 20:00:00,19jun2013 03:30:00,23707,23722,57,196,7,698855,10
38178,6766,Team 7,20jun2013,67,20jun2013 18:30:00,20jun2013 22:00:00,23800,23807,6,16,7,698855,15
672784,90404,Team 5,22jun2013,61,22jun2013 19:00:00,23jun2013 05:00:00,23897,23917,96,341,7,698855,41
399447,56813,Team 12,24jun2013,95,24jun2013 18:00:00,25jun2013 04:00:00,23991,24011,60,210,7,698855,15
735428,100884,Team 13,18jun2013,84,18jun2013 21:00:00,19jun2013 04:30:00,23709,23724,108,383,7,703190,40
853992,121570,Team 8,20jun2013,54,20jun2013 19:00:00,21jun2013 00:00:00,23801,23811,129,459,7,703190,13
782352,109386,Team 1,22jun2013,81,22jun2013 19:30:00,23jun2013 04:00:00,23898,23915,119,427,7,703190,9
609904,83816,Team 13,24jun2013,39,24jun2013 21:00:00,25jun2013 00:00:00,23997,24003,91,327,7,703190,41
515269,73250,Team 5,18jun2013,64,18jun2013 13:00:00,18jun2013 22:00:00,23693,23711,79,274,5,713492,47
743773,102342,Team 9,20jun2013,76,20jun2013 13:00:00,20jun2013 22:30:00,23789,23808,110,394,5,713492,6
364323,53428,Team 6,22jun2013,47,22jun2013 12:00:00,22jun2013 18:00:00,23883,23895,58,201,5,713492,40
172469,26742,Team 12,24jun2013,86,24jun2013 14:30:00,25jun2013 01:00:00,23984,24005,32,112,5,713492,3
227085,32953,Team 8,19jun2013,43,19jun2013 20:00:00,20jun2013 05:30:00,23755,23774,38,133,15,715012,39
515269,73251,Team 5,21jun2013,64,21jun2013 19:00:00,21jun2013 23:30:00,23849,23858,79,275,15,715012,15
8488,1656,Team 3,24jun2013,22,24jun2013 06:30:00,24jun2013 17:00:00,23968,23989,3,5,15,715012,28
773545,108975,Team 10,19jun2013,101,19jun2013 12:00:00,19jun2013 21:30:00,23739,23758,118,420,12,731314,6
743773,102343,Team 9,21jun2013,76,21jun2013 12:00:00,21jun2013 21:30:00,23835,23854,110,395,12,731314,44
715012,97151,Team 15,23jun2013,55,23jun2013 16:00:00,24jun2013 01:30:00,23939,23958,105,370,12,731314,17
33554,5900,Team 12,18jun2013,94,18jun2013 07:00:00,18jun2013 17:00:00,23681,23701,5,9,1,732892,29
172469,26740,Team 12,20jun2013,86,20jun2013 06:30:00,20jun2013 17:00:00,23776,23797,32,110,1,732892,22
898912,130859,Team 1,21jun2013,79,21jun2013 21:00:00,22jun2013 06:30:00,23853,23872,139,492,1,732892,23
496150,70669,Team 10,24jun2013,82,24jun2013 07:30:00,24jun2013 14:00:00,23970,23983,76,264,1,732892,18
338397,48080,Team 14,19jun2013,77,19jun2013 16:00:00,20jun2013 02:00:00,23747,23767,52,175,13,735428,3
750961,104384,Team 9,21jun2013,52,21jun2013 15:30:00,22jun2013 02:00:00,23842,23863,112,399,13,735428,47
414187,58686,Team 15,23jun2013,66,23jun2013 18:00:00,24jun2013 02:00:00,23943,23959,62,214,13,735428,10
743773,102340,Team 9,19jun2013,76,19jun2013 11:00:00,19jun2013 21:00:00,23737,23757,110,393,11,737874,8
967583,139854,Team 10,21jun2013,84,21jun2013 10:30:00,21jun2013 20:00:00,23832,23851,149,519,11,737874,11
284838,41638,Team 15,23jun2013,18,23jun2013 13:30:00,23jun2013 17:30:00,23934,23942,47,162,11,737874,37
172469,26739,Team 12,19jun2013,86,19jun2013 07:00:00,19jun2013 16:30:00,23729,23748,32,109,9,743773,30
353379,51201,Team 4,21jun2013,83,21jun2013 07:00:00,21jun2013 16:30:00,23825,23844,56,194,9,743773,30
899601,132063,Team 4,23jun2013,49,23jun2013 06:30:00,23jun2013 14:00:00,23920,23935,141,498,9,743773,27
38178,6765,Team 7,19jun2013,67,19jun2013 17:30:00,20jun2013 04:00:00,23750,23771,6,15,14,744925,17
214894,32158,Team 12,21jun2013,104,21jun2013 17:30:00,22jun2013 03:30:00,23846,23866,37,130,14,744925,17
835571,119321,Team 7,23jun2013,64,23jun2013 21:30:00,24jun2013 07:00:00,23950,23969,127,456,14,744925,9
845061,121008,Team 2,19jun2013,40,19jun2013 07:00:00,19jun2013 16:30:00,23729,23748,128,457,9,750961,19
447058,60999,Team 1,21jun2013,100,21jun2013 07:00:00,21jun2013 17:00:00,23825,23845,66,226,9,750961,20
414877,58981,Team 8,23jun2013,50,23jun2013 07:00:00,23jun2013 15:30:00,23921,23938,63,218,9,750961,29
794773,111289,Team 11,19jun2013,83,19jun2013 16:00:00,19jun2013 23:30:00,23747,23762,121,434,13,753239,21
157283,24449,Team 15,21jun2013,93,21jun2013 16:30:00,21jun2013 23:30:00,23844,23858,29,102,13,753239,49
199617,30306,Team 10,23jun2013,54,23jun2013 19:00:00,24jun2013 03:00:00,23945,23961,36,127,13,753239,32
655988,88258,Team 6,19jun2013,22,19jun2013 13:00:00,19jun2013 22:30:00,23741,23760,94,333,12,754948,49
915075,134204,Team 14,21jun2013,66,21jun2013 12:00:00,21jun2013 21:30:00,23835,23854,143,503,12,754948,7
735428,100887,Team 13,23jun2013,84,23jun2013 16:00:00,24jun2013 01:30:00,23939,23958,108,386,12,754948,30
624150,85629,Team 3,19jun2013,34,19jun2013 06:30:00,19jun2013 11:30:00,23728,23738,93,331,8,765261,20
732892,100057,Team 1,21jun2013,55,21jun2013 06:00:00,21jun2013 11:00:00,23823,23833,107,381,8,765261,25
944615,137984,Team 4,22jun2013,58,22jun2013 21:00:00,23jun2013 06:30:00,23901,23920,147,516,8,765261,6
731314,98920,Team 12,19jun2013,122,19jun2013 09:00:00,19jun2013 18:30:00,23733,23752,106,373,10,767564,37
364323,53427,Team 6,21jun2013,47,21jun2013 08:30:00,21jun2013 13:30:00,23828,23838,58,200,10,767564,35
130307,19408,Team 9,23jun2013,76,23jun2013 09:30:00,23jun2013 16:00:00,23926,23939,23,80,10,767564,17
545569,77137,Team 14,18jun2013,82,18jun2013 16:00:00,19jun2013 01:30:00,23699,23718,83,288,5,769213,49
283302,41144,Team 6,20jun2013,49,20jun2013 16:00:00,20jun2013 23:30:00,23795,23810,46,159,5,769213,50
735428,100886,Team 13,22jun2013,84,22jun2013 17:00:00,22jun2013 23:30:00,23893,23906,108,385,5,769213,30
545569,77140,Team 14,24jun2013,82,24jun2013 16:00:00,25jun2013 02:00:00,23987,24007,83,291,5,769213,19
789283,110290,Team 11,19jun2013,53,19jun2013 09:00:00,19jun2013 13:30:00,23733,23742,120,429,10,773545,13
574789,80116,Team 5,21jun2013,92,21jun2013 08:30:00,21jun2013 18:30:00,23828,23848,87,309,10,773545,15
877787,127154,Team 1,23jun2013,49,23jun2013 09:30:00,23jun2013 17:30:00,23926,23942,134,474,10,773545,34
657288,88648,Team 2,18jun2013,101,18jun2013 07:30:00,18jun2013 17:30:00,23682,23702,95,335,1,782352,20
681130,92921,Team 1,20jun2013,61,20jun2013 07:00:00,20jun2013 16:30:00,23777,23796,98,348,1,782352,29
880808,127909,Team 2,21jun2013,54,21jun2013 22:30:00,22jun2013 06:30:00,23856,23872,135,476,1,782352,44
92872,14699,Team 6,24jun2013,81,24jun2013 08:00:00,24jun2013 16:00:00,23971,23987,15,56,1,782352,35
808284,114334,Team 1,19jun2013,92,19jun2013 11:30:00,19jun2013 22:00:00,23738,23759,124,446,11,789283,45
321647,46108,Team 9,21jun2013,76,21jun2013 11:00:00,21jun2013 19:30:00,23833,23850,51,172,11,789283,10
33554,5903,Team 12,23jun2013,94,23jun2013 16:00:00,24jun2013 01:30:00,23939,23958,5,12,11,789283,12
869646,125701,Team 2,19jun2013,42,19jun2013 11:30:00,19jun2013 21:30:00,23738,23758,132,466,11,794773,43
602900,82856,Team 8,21jun2013,80,21jun2013 11:00:00,21jun2013 19:30:00,23833,23850,89,316,11,794773,41
38791,7586,Team 7,23jun2013,112,23jun2013 16:00:00,23jun2013 23:30:00,23939,23954,7,23,11,794773,39
887296,129292,Team 14,19jun2013,91,19jun2013 06:30:00,19jun2013 16:30:00,23728,23748,137,480,9,799070,31
343038,48788,Team 5,21jun2013,84,21jun2013 06:30:00,21jun2013 16:30:00,23824,23844,54,185,9,799070,27
602783,81951,Team 10,23jun2013,82,23jun2013 06:30:00,23jun2013 16:00:00,23920,23939,88,313,9,799070,23
501521,71691,Team 1,18jun2013,126,18jun2013 17:30:00,19jun2013 03:30:00,23702,23722,77,265,6,800017,20
944615,137982,Team 4,20jun2013,58,20jun2013 17:00:00,21jun2013 01:00:00,23797,23813,147,514,6,800017,19
750961,104385,Team 9,22jun2013,52,22jun2013 18:00:00,23jun2013 01:30:00,23895,23910,112,400,6,800017,14
877773,126464,Team 13,24jun2013,72,24jun2013 17:00:00,25jun2013 01:00:00,23989,24005,133,470,6,800017,20
765261,106915,Team 8,18jun2013,89,18jun2013 07:30:00,18jun2013 17:30:00,23682,23702,115,407,1,808284,31
845061,121009,Team 2,20jun2013,40,20jun2013 07:00:00,20jun2013 16:30:00,23777,23796,128,458,1,808284,27
620947,85231,Team 4,21jun2013,32,21jun2013 23:00:00,22jun2013 06:30:00,23857,23872,92,329,1,808284,37
94083,15956,Team 11,24jun2013,81,24jun2013 08:00:00,24jun2013 18:00:00,23971,23991,17,62,1,808284,15
470453,65480,Team 3,19jun2013,52,19jun2013 15:30:00,19jun2013 23:30:00,23746,23762,71,246,12,821417,38
981411,141263,Team 4,21jun2013,100,21jun2013 14:00:00,21jun2013 22:30:00,23839,23856,151,526,12,821417,37
383888,54986,Team 3,23jun2013,28,23jun2013 17:30:00,23jun2013 23:00:00,23942,23953,59,205,12,821417,21
481312,67080,Team 11,18jun2013,36,18jun2013 08:00:00,18jun2013 13:30:00,23683,23694,72,248,2,832227,33
481312,67082,Team 11,20jun2013,36,20jun2013 08:00:00,20jun2013 13:30:00,23779,23790,72,250,2,832227,19
153669,23281,Team 3,22jun2013,43,22jun2013 06:30:00,22jun2013 13:30:00,23872,23886,27,96,2,832227,25
773545,108978,Team 10,24jun2013,101,24jun2013 08:00:00,24jun2013 17:30:00,23971,23990,118,423,2,832227,36
176945,27604,Team 1,18jun2013,72,18jun2013 23:00:00,19jun2013 07:00:00,23713,23729,33,113,7,835571,30
483269,67932,Team 11,20jun2013,25,20jun2013 20:00:00,21jun2013 01:30:00,23803,23814,73,251,7,835571,42
493296,69504,Team 10,22jun2013,79,22jun2013 20:30:00,23jun2013 06:30:00,23900,23920,75,258,7,835571,8
447058,61000,Team 1,24jun2013,100,24jun2013 22:30:00,25jun2013 07:00:00,24000,24017,66,227,7,835571,29
939721,137038,Team 14,18jun2013,39,18jun2013 07:30:00,18jun2013 13:30:00,23682,23694,146,511,2,845061,19
657288,88650,Team 2,20jun2013,101,20jun2013 07:30:00,20jun2013 18:00:00,23778,23799,95,337,2,845061,20
2708,528,Team 15,22jun2013,20,22jun2013 00:00:00,22jun2013 03:00:00,23859,23865,1,1,2,845061,45
138001,20397,Team 8,24jun2013,80,24jun2013 08:00:00,24jun2013 16:00:00,23971,23987,25,90,2,845061,14
698855,94664,Team 7,18jun2013,72,18jun2013 23:00:00,19jun2013 07:00:00,23713,23729,102,359,8,853992,25
153707,23561,Team 6,20jun2013,50,20jun2013 22:30:00,21jun2013 06:30:00,23808,23824,28,100,8,853992,24
835571,119320,Team 7,22jun2013,64,22jun2013 20:30:00,23jun2013 07:00:00,23900,23921,127,455,8,853992,43
571670,79194,Team 12,24jun2013,99,24jun2013 23:00:00,25jun2013 07:00:00,24001,24017,84,296,8,853992,31
891194,130120,Team 6,19jun2013,84,19jun2013 00:00:00,19jun2013 00:30:00,23715,23716,138,486,8,858604,18
753239,105006,Team 13,20jun2013,68,20jun2013 22:30:00,21jun2013 06:30:00,23808,23824,113,403,8,858604,28
853992,121572,Team 8,22jun2013,54,22jun2013 20:30:00,23jun2013 07:00:00,23900,23921,129,461,8,858604,7
657288,88652,Team 2,24jun2013,101,24jun2013 23:00:00,25jun2013 07:00:00,24001,24017,95,339,8,858604,27
574141,79543,Team 10,18jun2013,96,18jun2013 16:30:00,19jun2013 00:30:00,23700,23716,86,301,6,866732,22
750961,104383,Team 9,20jun2013,52,20jun2013 16:00:00,20jun2013 22:30:00,23795,23808,112,398,6,866732,4
512923,72993,Team 4,22jun2013,66,22jun2013 17:30:00,23jun2013 04:00:00,23894,23915,78,273,6,866732,32
962449,138956,Team 9,24jun2013,11,24jun2013 16:00:00,24jun2013 21:00:00,23987,23997,148,517,6,866732,2
496150,70665,Team 10,18jun2013,82,18jun2013 08:00:00,18jun2013 18:00:00,23683,23703,76,260,2,869646,17
731314,98921,Team 12,20jun2013,122,20jun2013 08:00:00,20jun2013 17:30:00,23779,23798,106,374,2,869646,32
574141,79545,Team 10,22jun2013,96,22jun2013 06:30:00,22jun2013 17:00:00,23872,23893,86,303,2,869646,23
732892,100058,Team 1,24jun2013,55,24jun2013 08:30:00,24jun2013 13:30:00,23972,23982,107,382,2,869646,37
782352,109383,Team 1,19jun2013,81,19jun2013 15:30:00,20jun2013 01:30:00,23746,23766,119,424,13,877773,18
236263,36336,Team 14,21jun2013,80,21jun2013 15:30:00,22jun2013 02:00:00,23842,23863,42,142,13,877773,6
470453,65481,Team 3,23jun2013,52,23jun2013 17:30:00,24jun2013 01:30:00,23942,23958,71,247,13,877773,34
925831,135398,Team 13,18jun2013,58,18jun2013 06:30:00,18jun2013 16:30:00,23680,23700,144,504,1,877787,23
58138,10764,Team 9,20jun2013,85,20jun2013 06:30:00,20jun2013 16:30:00,23776,23796,10,31,1,877787,26
853992,121571,Team 8,21jun2013,54,21jun2013 21:00:00,22jun2013 07:00:00,23853,23873,129,460,1,877787,26
170725,26288,Team 3,24jun2013,17,24jun2013 07:30:00,24jun2013 15:30:00,23970,23986,31,108,1,877787,33
572207,79322,Team 4,18jun2013,48,18jun2013 08:30:00,18jun2013 14:00:00,23684,23695,85,297,2,880808,34
572207,79324,Team 4,20jun2013,48,20jun2013 08:30:00,20jun2013 14:00:00,23780,23791,85,299,2,880808,17
800017,113321,Team 6,22jun2013,94,22jun2013 06:30:00,22jun2013 16:30:00,23872,23892,123,442,2,880808,27
86173,13686,Team 2,24jun2013,123,24jun2013 09:00:00,24jun2013 18:30:00,23973,23992,14,52,2,880808,11
455584,63002,Team 8,19jun2013,103,19jun2013 12:00:00,19jun2013 22:00:00,23739,23759,68,234,12,882116,48
192578,28932,Team 7,21jun2013,78,21jun2013 12:00:00,21jun2013 22:00:00,23835,23855,35,123,12,882116,45
455530,62207,Team 5,23jun2013,97,23jun2013 16:00:00,24jun2013 02:00:00,23939,23959,67,231,12,882116,11
698808,94503,Team 4,19jun2013,33,19jun2013 17:00:00,20jun2013 00:30:00,23749,23764,101,358,14,887296,23
735428,100885,Team 13,21jun2013,84,21jun2013 17:00:00,22jun2013 01:30:00,23845,23862,108,384,14,887296,36
432259,60531,Team 14,23jun2013,16,23jun2013 21:00:00,23jun2013 22:30:00,23949,23952,65,222,14,887296,13
602783,81949,Team 10,18jun2013,82,18jun2013 16:30:00,19jun2013 01:00:00,23700,23717,88,311,6,891194,4
8821,2564,Team 1,20jun2013,53,20jun2013 17:00:00,21jun2013 00:30:00,23797,23812,4,6,6,891194,25
698855,94667,Team 7,22jun2013,72,22jun2013 17:30:00,23jun2013 04:00:00,23894,23915,102,362,6,891194,19
33554,5904,Team 12,24jun2013,94,24jun2013 17:00:00,25jun2013 00:30:00,23989,24004,5,13,6,891194,26
455530,62204,Team 5,18jun2013,97,18jun2013 07:00:00,18jun2013 17:00:00,23681,23701,67,228,1,898912,21
624150,85630,Team 3,20jun2013,34,20jun2013 06:30:00,20jun2013 11:30:00,23776,23786,93,332,1,898912,21
8821,2565,Team 1,21jun2013,53,21jun2013 22:30:00,22jun2013 06:30:00,23856,23872,4,7,1,898912,7
574789,80117,Team 5,24jun2013,92,24jun2013 07:30:00,24jun2013 15:00:00,23970,23985,87,310,1,898912,17
59950,11429,Team 5,19jun2013,64,19jun2013 11:30:00,19jun2013 17:30:00,23738,23750,11,35,11,899189,46
93772,15499,Team 10,21jun2013,36,21jun2013 11:00:00,21jun2013 19:30:00,23833,23850,16,58,11,899189,9
285442,42194,Team 5,23jun2013,59,23jun2013 14:00:00,23jun2013 23:30:00,23935,23954,48,165,11,899189,27
869646,125700,Team 2,18jun2013,42,18jun2013 11:30:00,18jun2013 21:30:00,23690,23710,132,465,4,899601,9
602900,82855,Team 8,20jun2013,80,20jun2013 11:00:00,20jun2013 20:00:00,23785,23803,89,315,4,899601,41
126333,19082,Team 13,22jun2013,55,22jun2013 09:30:00,22jun2013 16:30:00,23878,23892,22,74,4,899601,15
359142,52590,Team 11,24jun2013,78,24jun2013 12:00:00,24jun2013 22:00:00,23979,23999,57,199,4,899601,6
572207,79323,Team 4,19jun2013,48,19jun2013 09:00:00,19jun2013 14:00:00,23733,23743,85,298,10,903974,38
731314,98922,Team 12,21jun2013,122,21jun2013 08:00:00,21jun2013 18:00:00,23827,23847,106,375,10,903974,34
455584,63004,Team 8,23jun2013,103,23jun2013 09:00:00,23jun2013 18:30:00,23925,23944,68,236,10,903974,33
891194,130121,Team 6,19jun2013,84,19jun2013 17:00:00,20jun2013 01:00:00,23749,23765,138,487,14,915075,28
40927,7985,Team 7,21jun2013,41,21jun2013 17:30:00,22jun2013 03:30:00,23846,23866,8,25,14,915075,38
493296,69505,Team 10,23jun2013,79,23jun2013 21:30:00,24jun2013 06:30:00,23950,23968,75,259,14,915075,42
754948,105522,Team 12,19jun2013,34,19jun2013 16:00:00,20jun2013 00:00:00,23747,23763,114,406,13,925831,2
545569,77139,Team 14,21jun2013,82,21jun2013 16:00:00,22jun2013 01:30:00,23843,23862,83,290,13,925831,16
799070,112586,Team 9,23jun2013,41,23jun2013 18:00:00,24jun2013 03:30:00,23943,23962,122,439,13,925831,41
166419,24845,Team 2,18jun2013,36,18jun2013 16:00:00,19jun2013 01:30:00,23699,23718,30,106,5,927082,33
339824,48434,Team 9,20jun2013,87,20jun2013 15:30:00,21jun2013 02:00:00,23794,23815,53,181,5,927082,33
351336,50363,Team 12,22jun2013,82,22jun2013 17:00:00,23jun2013 01:30:00,23893,23910,55,189,5,927082,15
339824,48435,Team 9,24jun2013,87,24jun2013 15:30:00,25jun2013 02:00:00,23986,24007,53,182,5,927082,16
979505,140713,Team 6,19jun2013,64,19jun2013 17:30:00,20jun2013 03:30:00,23750,23770,150,523,14,939721,46
512923,72992,Team 4,21jun2013,66,21jun2013 17:30:00,22jun2013 04:00:00,23846,23867,78,272,14,939721,18
898912,130861,Team 1,23jun2013,79,23jun2013 21:30:00,24jun2013 06:30:00,23950,23968,139,494,14,939721,8
86173,13681,Team 2,18jun2013,123,18jun2013 12:00:00,18jun2013 22:00:00,23691,23711,14,47,4,944615,8
899189,131538,Team 11,20jun2013,24,20jun2013 11:00:00,20jun2013 15:30:00,23785,23794,140,495,4,944615,9
338397,48083,Team 14,22jun2013,77,22jun2013 10:00:00,22jun2013 17:30:00,23879,23894,52,178,4,944615,14
988180,143124,Team 14,24jun2013,43,24jun2013 12:00:00,24jun2013 21:00:00,23979,23997,153,536,4,944615,48
939721,137039,Team 14,19jun2013,39,19jun2013 07:30:00,19jun2013 13:30:00,23730,23742,146,512,9,962449,18
609904,83814,Team 13,21jun2013,39,21jun2013 07:00:00,21jun2013 10:00:00,23825,23831,91,325,9,962449,31
731314,98923,Team 12,23jun2013,122,23jun2013 07:00:00,23jun2013 16:30:00,23921,23940,106,376,9,962449,21
769213,107888,Team 5,19jun2013,55,19jun2013 09:00:00,19jun2013 14:00:00,23733,23743,117,415,10,967583,12
465713,64596,Team 9,21jun2013,72,21jun2013 08:30:00,21jun2013 16:30:00,23828,23844,69,240,10,967583,36
153669,23282,Team 3,23jun2013,43,23jun2013 09:30:00,23jun2013 17:30:00,23926,23942,27,97,10,967583,16
414877,58979,Team 8,18jun2013,50,18jun2013 17:00:00,19jun2013 00:30:00,23701,23716,63,216,6,979505,23
703190,95711,Team 7,20jun2013,25,20jun2013 17:00:00,21jun2013 00:30:00,23797,23812,103,363,6,979505,34
492607,68639,Team 13,22jun2013,43,22jun2013 18:00:00,23jun2013 01:30:00,23895,23910,74,253,6,979505,40
455530,62208,Team 5,24jun2013,97,24jun2013 17:00:00,25jun2013 01:00:00,23989,24005,67,232,6,979505,10
773545,108974,Team 10,18jun2013,101,18jun2013 12:00:00,18jun2013 22:00:00,23691,23711,118,419,4,981411,44
967583,139853,Team 10,20jun2013,84,20jun2013 11:00:00,20jun2013 19:30:00,23785,23802,149,518,4,981411,42
602900,82857,Team 8,22jun2013,80,22jun2013 10:30:00,22jun2013 21:00:00,23880,23901,89,317,4,981411,13
126333,19084,Team 13,24jun2013,55,24jun2013 13:00:00,24jun2013 16:30:00,23981,23988,22,76,4,981411,4
339824,48433,Team 9,19jun2013,87,19jun2013 15:30:00,20jun2013 02:00:00,23746,23767,53,180,12,986245,35
284838,41637,Team 15,21jun2013,18,21jun2013 13:30:00,21jun2013 17:30:00,23838,23846,47,161,12,986245,38
981411,141265,Team 4,23jun2013,100,23jun2013 16:00:00,24jun2013 01:30:00,23939,23958,151,528,12,986245,40
927082,135904,Team 5,19jun2013,35,19jun2013 18:00:00,19jun2013 21:30:00,23751,23758,145,508,14,988180,34
832227,118550,Team 2,21jun2013,61,21jun2013 18:00:00,22jun2013 03:30:00,23847,23866,126,452,14,988180,24
515269,73253,Team 5,23jun2013,64,23jun2013 22:00:00,24jun2013 04:30:00,23951,23964,79,277,14,988180,35
70164,11633,Team 11,18jun2013,68,18jun2013 08:30:00,18jun2013 15:00:00,23684,23697,12,39,2,990611,16
765261,106917,Team 8,20jun2013,89,20jun2013 08:00:00,20jun2013 17:30:00,23779,23798,115,409,2,990611,18
602783,81950,Team 10,22jun2013,82,22jun2013 06:30:00,22jun2013 17:00:00,23872,23893,88,312,2,990611,22
789283,110293,Team 11,24jun2013,53,24jun2013 08:30:00,24jun2013 14:00:00,23972,23983,120,432,2,990611,13
